0,12121,
0.01,12121,
0.02,12123,
0.03,12129,
0.04,12131,
0.05,12128,
0.06,12133,
0.07,12133,
0.08,12136,
0.09,12134,
0.1,12135,
0.11,12135,
0.12,12131,
0.13,12128,
0.14,12125,
0.15,12115,
0.16,12112,
0.17,12105,
0.18,12093,
0.19,12091,
0.2,12083,
0.21,12079,
0.22,12077,
0.23,12074,
0.24,12071,
0.25,12069,
0.26,12068,
0.27,12071,
0.28,12070,
0.29,12070,
0.3,12075,
0.31,12074,
0.32,12078,
0.33,12082,
0.34,12086,
0.35,12084,
0.36,12089,
0.37,12086,
0.38,12088,
0.39,12090,
0.4,12091,
0.41,12089,
0.42,12087,
0.43,12088,
0.44,12087,
0.45,12086,
0.46,12081,
0.47,12081,
0.48,12082,
0.49,12080,
0.5,12079,
0.51,12080,
0.52,12083,
0.53,12079,
0.54,12082,
0.55,12085,
0.56,12087,
0.57,12083,
0.58,12084,
0.59,12089,
0.6,12092,
0.61,12089,
0.62,12093,
0.63,12097,
0.64,12099,
0.65,12102,
0.66,12102,
0.67,12100,
0.68,12103,
0.69,12104,
0.7,12108,
0.71,12111,
0.72,12112,
0.73,12119,
0.74,12115,
0.75,12119,
0.76,12121,
0.77,12121,
0.78,12126,
0.79,12122,
0.8,12125,
0.81,12127,
0.82,12128,
0.83,12131,
0.84,12132,
0.85,12129,
0.86,12138,
0.87,12137,
0.88,12135,
0.89,12134,
0.9,12128,
0.91,12124,
0.92,12111,
0.93,12104,
0.94,12099,
0.95,12092,
0.96,12083,
0.97,12081,
0.98,12077,
0.99,12071,
1,12068,
1.01,12066,
1.02,12066,
1.03,12063,
1.04,12063,
1.05,12064,
1.06,12067,
1.07,12069,
1.08,12068,
1.09,12069,
1.1,12072,
1.11,12072,
1.12,12077,
1.13,12078,
1.14,12076,
1.15,12080,
1.16,12079,
1.17,12077,
1.18,12078,
1.19,12078,
1.2,12077,
1.21,12073,
1.22,12073,
1.23,12070,
1.24,12069,
1.25,12070,
1.26,12069,
1.27,12069,
1.28,12067,
1.29,12069,
1.3,12069,
1.31,12075,
1.32,12070,
1.33,12074,
1.34,12074,
1.35,12076,
1.36,12079,
1.37,12078,
1.38,12083,
1.39,12080,
1.4,12085,
1.41,12088,
1.42,12092,
1.43,12091,
1.44,12094,
1.45,12096,
1.46,12099,
1.47,12101,
1.48,12102,
1.49,12101,
1.5,12106,
1.51,12104,
1.52,12110,
1.53,12112,
1.54,12105,
1.55,12114,
1.56,12113,
1.57,12115,
1.58,12119,
1.59,12116,
1.6,12119,
1.61,12121,
1.62,12123,
1.63,12129,
1.64,12127,
1.65,12128,
1.66,12125,
1.67,12128,
1.68,12129,
1.69,12125,
1.7,12122,
1.71,12112,
1.72,12108,
1.73,12098,
1.74,12091,
1.75,12082,
1.76,12076,
1.77,12072,
1.78,12066,
1.79,12061,
1.8,12058,
1.81,12054,
1.82,12055,
1.83,12052,
1.84,12051,
1.85,12054,
1.86,12051,
1.87,12054,
1.88,12053,
1.89,12056,
1.9,12055,
1.91,12060,
1.92,12060,
1.93,12057,
1.94,12062,
1.95,12066,
1.96,12065,
1.97,12064,
1.98,12064,
1.99,12065,
2,12058,
2.01,12058,
2.02,12060,
2.03,12057,
2.04,12056,
2.05,12056,
2.06,12054,
2.07,12053,
2.08,12053,
2.09,12051,
2.1,12057,
2.11,12058,
2.12,12059,
2.13,12059,
2.14,12060,
2.15,12060,
2.16,12061,
2.17,12064,
2.18,12068,
2.19,12070,
2.2,12074,
2.21,12074,
2.22,12072,
2.23,12076,
2.24,12079,
2.25,12078,
2.26,12083,
2.27,12083,
2.28,12085,
2.29,12089,
2.3,12089,
2.31,12091,
2.32,12091,
2.33,12093,
2.34,12093,
2.35,12093,
2.36,12097,
2.37,12099,
2.38,12101,
2.39,12103,
2.4,12103,
2.41,12104,
2.42,12109,
2.43,12106,
2.44,12110,
2.45,12111,
2.46,12113,
2.47,12114,
2.48,12115,
2.49,12118,
2.5,12115,
2.51,12111,
2.52,12107,
2.53,12102,
2.54,12093,
2.55,12086,
2.56,12081,
2.57,12075,
2.58,12065,
2.59,12062,
2.6,12053,
2.61,12051,
2.62,12049,
2.63,12045,
2.64,12044,
2.65,12043,
2.66,12043,
2.67,12041,
2.68,12041,
2.69,12044,
2.7,12048,
2.71,12048,
2.72,12053,
2.73,12054,
2.74,12056,
2.75,12058,
2.76,12057,
2.77,12058,
2.78,12058,
2.79,12059,
2.8,12056,
2.81,12060,
2.82,12054,
2.83,12055,
2.84,12051,
2.85,12050,
2.86,12049,
2.87,12050,
2.88,12047,
2.89,12048,
2.9,12050,
2.91,12048,
2.92,12050,
2.93,12049,
2.94,12050,
2.95,12055,
2.96,12057,
2.97,12058,
2.98,12062,
2.99,12060,
3,12061,
3.01,12065,
3.02,12065,
3.03,12071,
3.04,12070,
3.05,12075,
3.06,12078,
3.07,12077,
3.08,12080,
3.09,12083,
3.1,12083,
3.11,12089,
3.12,12089,
3.13,12086,
3.14,12091,
3.15,12092,
3.16,12090,
3.17,12094,
3.18,12097,
3.19,12097,
3.2,12097,
3.21,12101,
3.22,12101,
3.23,12104,
3.24,12108,
3.25,12110,
3.26,12110,
3.27,12110,
3.28,12111,
3.29,12112,
3.3,12116,
3.31,12117,
3.32,12115,
3.33,12116,
3.34,12116,
3.35,12109,
3.36,12103,
3.37,12097,
3.38,12087,
3.39,12082,
3.4,12078,
3.41,12070,
3.42,12061,
3.43,12060,
3.44,12052,
3.45,12052,
3.46,12056,
3.47,12049,
3.48,12051,
3.49,12054,
3.5,12051,
3.51,12055,
3.52,12056,
3.53,12054,
3.54,12059,
3.55,12055,
3.56,12062,
3.57,12065,
3.58,12063,
3.59,12067,
3.6,12064,
3.61,12064,
3.62,12068,
3.63,12064,
3.64,12063,
3.65,12063,
3.66,12060,
3.67,12059,
3.68,12058,
3.69,12057,
3.7,12058,
3.71,12055,
3.72,12053,
3.73,12058,
3.74,12056,
3.75,12056,
3.76,12058,
3.77,12062,
3.78,12059,
3.79,12063,
3.8,12063,
3.81,12068,
3.82,12067,
3.83,12072,
3.84,12071,
3.85,12078,
3.86,12077,
3.87,12077,
3.88,12081,
3.89,12081,
3.9,12086,
3.91,12088,
3.92,12089,
3.93,12095,
3.94,12094,
3.95,12093,
3.96,12095,
3.97,12099,
3.98,12097,
3.99,12100,
4,12102,
4.01,12104,
4.02,12105,
4.03,12106,
4.04,12108,
4.05,12111,
4.06,12113,
4.07,12114,
4.08,12116,
4.09,12117,
4.1,12121,
4.11,12115,
4.12,12116,
4.13,12110,
4.14,12107,
4.15,12100,
4.16,12095,
4.17,12088,
4.18,12077,
4.19,12078,
4.2,12071,
4.21,12061,
4.22,12065,
4.23,12058,
4.24,12056,
4.25,12055,
4.26,12058,
4.27,12053,
4.28,12052,
4.29,12056,
4.3,12055,
4.31,12058,
4.32,12055,
4.33,12058,
4.34,12060,
4.35,12066,
4.36,12066,
4.37,12066,
4.38,12070,
4.39,12074,
4.4,12070,
4.41,12070,
4.42,12073,
4.43,12062,
4.44,12064,
4.45,12065,
4.46,12067,
4.47,12065,
4.48,12063,
4.49,12058,
4.5,12059,
4.51,12062,
4.52,12061,
4.53,12061,
4.54,12062,
4.55,12066,
4.56,12068,
4.57,12066,
4.58,12069,
4.59,12070,
4.6,12074,
4.61,12073,
4.62,12076,
4.63,12078,
4.64,12082,
4.65,12082,
4.66,12087,
4.67,12088,
4.68,12090,
4.69,12090,
4.7,12092,
4.71,12097,
4.72,12098,
4.73,12096,
4.74,12103,
4.75,12104,
4.76,12106,
4.77,12108,
4.78,12106,
4.79,12109,
4.8,12112,
4.81,12113,
4.82,12113,
4.83,12113,
4.84,12118,
4.85,12120,
4.86,12119,
4.87,12122,
4.88,12121,
4.89,12118,
4.9,12120,
4.91,12114,
4.92,12108,
4.93,12103,
4.94,12096,
4.95,12090,
4.96,12080,
4.97,12072,
4.98,12069,
4.99,12061,
5,12056,
5.01,12053,
5.02,12053,
5.03,12051,
5.04,12045,
5.05,12046,
5.06,12051,
5.07,12051,
5.08,12049,
5.09,12050,
5.1,12056,
5.11,12055,
5.12,12057,
5.13,12058,
5.14,12058,
5.15,12060,
5.16,12061,
5.17,12061,
5.18,12059,
5.19,12057,
5.2,12059,
5.21,12054,
5.22,12057,
5.23,12054,
5.24,12054,
5.25,12049,
5.26,12050,
5.27,12050,
5.28,12047,
5.29,12047,
5.3,12046,
5.31,12051,
5.32,12048,
5.33,12049,
5.34,12052,
5.35,12056,
5.36,12056,
5.37,12058,
5.38,12062,
5.39,12058,
5.4,12062,
5.41,12068,
5.42,12067,
5.43,12067,
5.44,12072,
5.45,12077,
5.46,12076,
5.47,12079,
5.48,12084,
5.49,12080,
5.5,12084,
5.51,12084,
5.52,12084,
5.53,12088,
5.54,12089,
5.55,12092,
5.56,12091,
5.57,12095,
5.58,12099,
5.59,12096,
5.6,12099,
5.61,12101,
5.62,12105,
5.63,12102,
5.64,12107,
5.65,12108,
5.66,12107,
5.67,12106,
5.68,12106,
5.69,12103,
5.7,12097,
5.71,12089,
5.72,12081,
5.73,12077,
5.74,12069,
5.75,12060,
5.76,12053,
5.77,12048,
5.78,12044,
5.79,12037,
5.8,12031,
5.81,12031,
5.82,12029,
5.83,12028,
5.84,12028,
5.85,12029,
5.86,12028,
5.87,12027,
5.88,12031,
5.89,12032,
5.9,12036,
5.91,12038,
5.92,12038,
5.93,12038,
5.94,12037,
5.95,12043,
5.96,12035,
5.97,12037,
5.98,12040,
5.99,12037,
6,12035,
6.01,12031,
6.02,12028,
6.03,12033,
6.04,12030,
6.05,12029,
6.06,12024,
6.07,12028,
6.08,12029,
6.09,12029,
6.1,12027,
6.11,12030,
6.12,12035,
6.13,12033,
6.14,12033,
6.15,12037,
6.16,12041,
6.17,12042,
6.18,12043,
6.19,12047,
6.2,12047,
6.21,12049,
6.22,12052,
6.23,12053,
6.24,12054,
6.25,12058,
6.26,12063,
6.27,12064,
6.28,12063,
6.29,12071,
6.3,12066,
6.31,12068,
6.32,12071,
6.33,12070,
6.34,12073,
6.35,12076,
6.36,12078,
6.37,12081,
6.38,12082,
6.39,12080,
6.4,12080,
6.41,12083,
6.42,12087,
6.43,12089,
6.44,12090,
6.45,12093,
6.46,12097,
6.47,12098,
6.48,12100,
6.49,12095,
6.5,12093,
6.51,12088,
6.52,12082,
6.53,12076,
6.54,12071,
6.55,12058,
6.56,12055,
6.57,12049,
6.58,12042,
6.59,12037,
6.6,12031,
6.61,12028,
6.62,12025,
6.63,12027,
6.64,12027,
6.65,12025,
6.66,12023,
6.67,12023,
6.68,12026,
6.69,12028,
6.7,12033,
6.71,12031,
6.72,12029,
6.73,12037,
6.74,12034,
6.75,12034,
6.76,12034,
6.77,12038,
6.78,12035,
6.79,12035,
6.8,12034,
6.81,12037,
6.82,12031,
6.83,12030,
6.84,12025,
6.85,12028,
6.86,12028,
6.87,12024,
6.88,12028,
6.89,12026,
6.9,12023,
6.91,12026,
6.92,12030,
6.93,12030,
6.94,12030,
6.95,12033,
6.96,12036,
6.97,12044,
6.98,12039,
6.99,12037,
7,12045,
7.01,12050,
7.02,12049,
7.03,12051,
7.04,12052,
7.05,12054,
7.06,12057,
7.07,12059,
7.08,12065,
7.09,12063,
7.1,12066,
7.11,12068,
7.12,12071,
7.13,12067,
7.14,12075,
7.15,12070,
7.16,12070,
7.17,12077,
7.18,12079,
7.19,12082,
7.2,12079,
7.21,12084,
7.22,12087,
7.23,12086,
7.24,12087,
7.25,12089,
7.26,12090,
7.27,12095,
7.28,12092,
7.29,12091,
7.3,12086,
7.31,12082,
7.32,12074,
7.33,12065,
7.34,12059,
7.35,12053,
7.36,12047,
7.37,12039,
7.38,12038,
7.39,12033,
7.4,12029,
7.41,12025,
7.42,12023,
7.43,12021,
7.44,12021,
7.45,12024,
7.46,12026,
7.47,12023,
7.48,12028,
7.49,12031,
7.5,12030,
7.51,12032,
7.52,12033,
7.53,12038,
7.54,12039,
7.55,12038,
7.56,12040,
7.57,12035,
7.58,12037,
7.59,12033,
7.6,12033,
7.61,12031,
7.62,12028,
7.63,12029,
7.64,12028,
7.65,12030,
7.66,12023,
7.67,12028,
7.68,12029,
7.69,12027,
7.7,12026,
7.71,12032,
7.72,12031,
7.73,12033,
7.74,12033,
7.75,12036,
7.76,12038,
7.77,12043,
7.78,12044,
7.79,12047,
7.8,12048,
7.81,12049,
7.82,12052,
7.83,12053,
7.84,12056,
7.85,12058,
7.86,12060,
7.87,12061,
7.88,12065,
7.89,12064,
7.9,12064,
7.91,12065,
7.92,12067,
7.93,12070,
7.94,12074,
7.95,12071,
7.96,12075,
7.97,12076,
7.98,12080,
7.99,12078,
8,12080,
8.01,12082,
8.02,12082,
8.03,12084,
8.04,12081,
8.05,12077,
8.06,12072,
8.07,12062,
8.08,12055,
8.09,12047,
8.1,12039,
8.11,12034,
8.12,12026,
8.13,12020,
8.14,12017,
8.15,12014,
8.16,12016,
8.17,12007,
8.18,12003,
8.19,12004,
8.2,12011,
8.21,12006,
8.22,12010,
8.23,12013,
8.24,12014,
8.25,12015,
8.26,12015,
8.27,12019,
8.28,12016,
8.29,12021,
8.3,12018,
8.31,12019,
8.32,12021,
8.33,12018,
8.34,12018,
8.35,12017,
8.36,12015,
8.37,12011,
8.38,12017,
8.39,12012,
8.4,12009,
8.41,12012,
8.42,12011,
8.43,12009,
8.44,12011,
8.45,12013,
8.46,12014,
8.47,12017,
8.48,12015,
8.49,12016,
8.5,12020,
8.51,12025,
8.52,12025,
8.53,12024,
8.54,12029,
8.55,12033,
8.56,12036,
8.57,12038,
8.58,12040,
8.59,12039,
8.6,12044,
8.61,12045,
8.62,12045,
8.63,12052,
8.64,12050,
8.65,12052,
8.66,12054,
8.67,12054,
8.68,12057,
8.69,12057,
8.7,12061,
8.71,12060,
8.72,12063,
8.73,12065,
8.74,12070,
8.75,12070,
8.76,12073,
8.77,12074,
8.78,12077,
8.79,12075,
8.8,12077,
8.81,12081,
8.82,12076,
8.83,12072,
8.84,12071,
8.85,12059,
8.86,12053,
8.87,12043,
8.88,12035,
8.89,12026,
8.9,12017,
8.91,12010,
8.92,12005,
8.93,12001,
8.94,11999,
8.95,11996,
8.96,11995,
8.97,11994,
8.98,11994,
8.99,11993,
9,11993,
9.01,11993,
9.02,11997,
9.03,11998,
9.04,12000,
9.05,11998,
9.06,12000,
9.07,12003,
9.08,12000,
9.09,12005,
9.1,11996,
9.11,11996,
9.12,12000,
9.13,11995,
9.14,11995,
9.15,11991,
9.16,11994,
9.17,11990,
9.18,11989,
9.19,11990,
9.2,11992,
9.21,11987,
9.22,11990,
9.23,11990,
9.24,11992,
9.25,11992,
9.26,11992,
9.27,12001,
9.28,11996,
9.29,12001,
9.3,12005,
9.31,12003,
9.32,12003,
9.33,12006,
9.34,12012,
9.35,12014,
9.36,12017,
9.37,12015,
9.38,12020,
9.39,12025,
9.4,12028,
9.41,12030,
9.42,12029,
9.43,12030,
9.44,12034,
9.45,12035,
9.46,12033,
9.47,12036,
9.48,12038,
9.49,12043,
9.5,12042,
9.51,12044,
9.52,12048,
9.53,12047,
9.54,12048,
9.55,12049,
9.56,12055,
9.57,12057,
9.58,12056,
9.59,12060,
9.6,12060,
9.61,12061,
9.62,12062,
9.63,12059,
9.64,12053,
9.65,12039,
9.66,12038,
9.67,12028,
9.68,12018,
9.69,12015,
9.7,12004,
9.71,11997,
9.72,11993,
9.73,11990,
9.74,11985,
9.75,11980,
9.76,11982,
9.77,11982,
9.78,11978,
9.79,11981,
9.8,11983,
9.81,11980,
9.82,11981,
9.83,11983,
9.84,11985,
9.85,11985,
9.86,11994,
9.87,11992,
9.88,11993,
9.89,11992,
9.9,11994,
9.91,11989,
9.92,11990,
9.93,11994,
9.94,11992,
9.95,11987,
9.96,11984,
9.97,11985,
9.98,11986,
9.99,11985,
10,11982,
10.01,11984,
10.02,11982,
10.03,11987,
10.04,11986,
10.05,11986,
10.06,11993,
10.07,11991,
10.08,11992,
10.09,11999,
10.1,12000,
10.11,12001,
10.12,12001,
10.13,12005,
10.14,12009,
10.15,12010,
10.16,12012,
10.17,12012,
10.18,12018,
10.19,12020,
10.2,12025,
10.21,12025,
10.22,12029,
10.23,12034,
10.24,12029,
10.25,12033,
10.26,12034,
10.27,12035,
10.28,12037,
10.29,12043,
10.3,12041,
10.31,12045,
10.32,12043,
10.33,12047,
10.34,12047,
10.35,12054,
10.36,12056,
10.37,12056,
10.38,12056,
10.39,12062,
10.4,12061,
10.41,12064,
10.42,12067,
10.43,12070,
10.44,12065,
10.45,12063,
10.46,12060,
10.47,12056,
10.48,12048,
10.49,12039,
10.5,12031,
10.51,12025,
10.52,12018,
10.53,12010,
10.54,12004,
10.55,12000,
10.56,11995,
10.57,11992,
10.58,11994,
10.59,11988,
10.6,11992,
10.61,11991,
10.62,11992,
10.63,11993,
10.64,11993,
10.65,11997,
10.66,12001,
10.67,12004,
10.68,11999,
10.69,12002,
10.7,12006,
10.71,12008,
10.72,12005,
10.73,12006,
10.74,12007,
10.75,12006,
10.76,12003,
10.77,11999,
10.78,12001,
10.79,11999,
10.8,11998,
10.81,11996,
10.82,11998,
10.83,11997,
10.84,11996,
10.85,12000,
10.86,12000,
10.87,11999,
10.88,12003,
10.89,12005,
10.9,12007,
10.91,12006,
10.92,12007,
10.93,12012,
10.94,12012,
10.95,12018,
10.96,12018,
10.97,12021,
10.98,12026,
10.99,12023,
11,12028,
11.01,12029,
11.02,12035,
11.03,12037,
11.04,12037,
11.05,12041,
11.06,12039,
11.07,12043,
11.08,12043,
11.09,12044,
11.1,12045,
11.11,12048,
11.12,12047,
11.13,12049,
11.14,12054,
11.15,12056,
11.16,12059,
11.17,12059,
11.18,12062,
11.19,12065,
11.2,12062,
11.21,12067,
11.22,12067,
11.23,12066,
11.24,12066,
11.25,12058,
11.26,12050,
11.27,12045,
11.28,12037,
11.29,12029,
11.3,12021,
11.31,12013,
11.32,12010,
11.33,12006,
11.34,12002,
11.35,12002,
11.36,11992,
11.37,11994,
11.38,11992,
11.39,11992,
11.4,11993,
11.41,11997,
11.42,11996,
11.43,11997,
11.44,12000,
11.45,12004,
11.46,12003,
11.47,12008,
11.48,12004,
11.49,12010,
11.5,12008,
11.51,12010,
11.52,12009,
11.53,12006,
11.54,12008,
11.55,12007,
11.56,12008,
11.57,12006,
11.58,12002,
11.59,12000,
11.6,12000,
11.61,12001,
11.62,11999,
11.63,12001,
11.64,11999,
11.65,12003,
11.66,12003,
11.67,12006,
11.68,12004,
11.69,12010,
11.7,12008,
11.71,12014,
11.72,12017,
11.73,12019,
11.74,12017,
11.75,12020,
11.76,12026,
11.77,12025,
11.78,12030,
11.79,12032,
11.8,12033,
11.81,12036,
11.82,12036,
11.83,12038,
11.84,12042,
11.85,12044,
11.86,12045,
11.87,12049,
11.88,12049,
11.89,12050,
11.9,12055,
11.91,12053,
11.92,12054,
11.93,12058,
11.94,12063,
11.95,12062,
11.96,12065,
11.97,12064,
11.98,12067,
11.99,12069,
12,12072,
12.01,12071,
12.02,12076,
12.03,12071,
12.04,12068,
12.05,12063,
12.06,12054,
12.07,12046,
12.08,12038,
12.09,12028,
12.1,12022,
12.11,12012,
12.12,12005,
12.13,12001,
12.14,11995,
12.15,11994,
12.16,11990,
12.17,11988,
12.18,11987,
12.19,11985,
12.2,11986,
12.21,11989,
12.22,11988,
12.23,11992,
12.24,11991,
12.25,11994,
12.26,11998,
12.27,11995,
12.28,11999,
12.29,12001,
12.3,11996,
12.31,11997,
12.32,12000,
12.33,12001,
12.34,11996,
12.35,12000,
12.36,11991,
12.37,11994,
12.38,11989,
12.39,11991,
12.4,11990,
12.41,11991,
12.42,11991,
12.43,11985,
12.44,11989,
12.45,11990,
12.46,11994,
12.47,11993,
12.48,11997,
12.49,11998,
12.5,12001,
12.51,12002,
12.52,12007,
12.53,12007,
12.54,12011,
12.55,12014,
12.56,12016,
12.57,12020,
12.58,12022,
12.59,12024,
12.6,12027,
12.61,12026,
12.62,12030,
12.63,12029,
12.64,12037,
12.65,12037,
12.66,12036,
12.67,12040,
12.68,12043,
12.69,12040,
12.7,12043,
12.71,12045,
12.72,12048,
12.73,12049,
12.74,12054,
12.75,12055,
12.76,12057,
12.77,12061,
12.78,12057,
12.79,12062,
12.8,12063,
12.81,12069,
12.82,12067,
12.83,12069,
12.84,12067,
12.85,12063,
12.86,12068,
12.87,12058,
12.88,12053,
12.89,12042,
12.9,12032,
12.91,12025,
12.92,12018,
12.93,12005,
12.94,12002,
12.95,11996,
12.96,11994,
12.97,11990,
12.98,11986,
12.99,11984,
13,11986,
13.01,11983,
13.02,11985,
13.03,11990,
13.04,11987,
13.05,11989,
13.06,11992,
13.07,11993,
13.08,11993,
13.09,12000,
13.1,11996,
13.11,11998,
13.12,12002,
13.13,11995,
13.14,12001,
13.15,11998,
13.16,12001,
13.17,11995,
13.18,11995,
13.19,11996,
13.2,11994,
13.21,11995,
13.22,11994,
13.23,11991,
13.24,11993,
13.25,11996,
13.26,11996,
13.27,11994,
13.28,11997,
13.29,11999,
13.3,11999,
13.31,12001,
13.32,12004,
13.33,12008,
13.34,12007,
13.35,12012,
13.36,12017,
13.37,12017,
13.38,12019,
13.39,12022,
13.4,12026,
13.41,12027,
13.42,12031,
13.43,12036,
13.44,12036,
13.45,12036,
13.46,12043,
13.47,12040,
13.48,12043,
13.49,12048,
13.5,12048,
13.51,12050,
13.52,12053,
13.53,12052,
13.54,12057,
13.55,12059,
13.56,12062,
13.57,12063,
13.58,12064,
13.59,12064,
13.6,12066,
13.61,12071,
13.62,12072,
13.63,12074,
13.64,12075,
13.65,12081,
13.66,12079,
13.67,12082,
13.68,12084,
13.69,12081,
13.7,12080,
13.71,12075,
13.72,12066,
13.73,12061,
13.74,12051,
13.75,12039,
13.76,12033,
13.77,12025,
13.78,12021,
13.79,12016,
13.8,12012,
13.81,12009,
13.82,12007,
13.83,12002,
13.84,12006,
13.85,12006,
13.86,12002,
13.87,12004,
13.88,12009,
13.89,12006,
13.9,12009,
13.91,12014,
13.92,12016,
13.93,12019,
13.94,12017,
13.95,12024,
13.96,12024,
13.97,12020,
13.98,12028,
13.99,12024,
14,12025,
14.01,12020,
14.02,12017,
14.03,12015,
14.04,12014,
14.05,12014,
14.06,12013,
14.07,12013,
14.08,12011,
14.09,12010,
14.1,12011,
14.11,12011,
14.12,12017,
14.13,12018,
14.14,12018,
14.15,12021,
14.16,12026,
14.17,12027,
14.18,12029,
14.19,12029,
14.2,12035,
14.21,12033,
14.22,12041,
14.23,12039,
14.24,12046,
14.25,12048,
14.26,12045,
14.27,12050,
14.28,12052,
14.29,12053,
14.3,12053,
14.31,12060,
14.32,12055,
14.33,12060,
14.34,12062,
14.35,12064,
14.36,12066,
14.37,12067,
14.38,12069,
14.39,12071,
14.4,12071,
14.41,12074,
14.42,12076,
14.43,12080,
14.44,12078,
14.45,12082,
14.46,12079,
14.47,12085,
14.48,12082,
14.49,12082,
14.5,12074,
14.51,12066,
14.52,12061,
14.53,12049,
14.54,12045,
14.55,12034,
14.56,12028,
14.57,12022,
14.58,12017,
14.59,12015,
14.6,12013,
14.61,12010,
14.62,12010,
14.63,12008,
14.64,12007,
14.65,12008,
14.66,12014,
14.67,12013,
14.68,12013,
14.69,12018,
14.7,12017,
14.71,12026,
14.72,12027,
14.73,12025,
14.74,12030,
14.75,12030,
14.76,12028,
14.77,12027,
14.78,12028,
14.79,12031,
14.8,12025,
14.81,12022,
14.82,12021,
14.83,12021,
14.84,12021,
14.85,12019,
14.86,12018,
14.87,12018,
14.88,12024,
14.89,12022,
14.9,12021,
14.91,12023,
14.92,12023,
14.93,12027,
14.94,12029,
14.95,12032,
14.96,12037,
14.97,12034,
14.98,12041,
14.99,12040,
15,12040,
15.01,12046,
15.02,12049,
15.03,12052,
15.04,12054,
15.05,12055,
15.06,12058,
15.07,12056,
15.08,12058,
15.09,12063,
15.1,12068,
15.11,12070,
15.12,12071,
15.13,12075,
15.14,12073,
15.15,12072,
15.16,12076,
15.17,12076,
15.18,12080,
15.19,12080,
15.2,12084,
15.21,12086,
15.22,12089,
15.23,12090,
15.24,12091,
15.25,12092,
15.26,12092,
15.27,12090,
15.28,12087,
15.29,12077,
15.3,12067,
15.31,12062,
15.32,12050,
15.33,12042,
15.34,12034,
15.35,12028,
15.36,12025,
15.37,12015,
15.38,12010,
15.39,12008,
15.4,12009,
15.41,12005,
15.42,12005,
15.43,12003,
15.44,12008,
15.45,12005,
15.46,12009,
15.47,12011,
15.48,12011,
15.49,12009,
15.5,12020,
15.51,12015,
15.52,12013,
15.53,12018,
15.54,12020,
15.55,12017,
15.56,12015,
15.57,12015,
15.58,12015,
15.59,12010,
15.6,12014,
15.61,12013,
15.62,12007,
15.63,12010,
15.64,12008,
15.65,12004,
15.66,12008,
15.67,12009,
15.68,12007,
15.69,12003,
15.7,12009,
15.71,12011,
15.72,12016,
15.73,12016,
15.74,12015,
15.75,12022,
15.76,12023,
15.77,12024,
15.78,12029,
15.79,12030,
15.8,12032,
15.81,12037,
15.82,12036,
15.83,12037,
15.84,12043,
15.85,12046,
15.86,12046,
15.87,12048,
15.88,12054,
15.89,12056,
15.9,12055,
15.91,12058,
15.92,12063,
15.93,12064,
15.94,12062,
15.95,12065,
15.96,12065,
15.97,12072,
15.98,12073,
15.99,12076,
16,12076,
16.01,12076,
16.02,12081,
16.03,12079,
16.04,12084,
16.05,12083,
16.06,12084,
16.07,12083,
16.08,12077,
16.09,12068,
16.1,12061,
16.11,12054,
16.12,12044,
16.13,12036,
16.14,12028,
16.15,12024,
16.16,12017,
16.17,12009,
16.18,12006,
16.19,12004,
16.2,12003,
16.21,12001,
16.22,12002,
16.23,12001,
16.24,12002,
16.25,12001,
16.26,12005,
16.27,12004,
16.28,12008,
16.29,12010,
16.3,12011,
16.31,12012,
16.32,12017,
16.33,12016,
16.34,12019,
16.35,12017,
16.36,12017,
16.37,12012,
16.38,12014,
16.39,12011,
16.4,12006,
16.41,12004,
16.42,12006,
16.43,12003,
16.44,12004,
16.45,12006,
16.46,12008,
16.47,12006,
16.48,12005,
16.49,12014,
16.5,12012,
16.51,12012,
16.52,12013,
16.53,12018,
16.54,12021,
16.55,12022,
16.56,12028,
16.57,12030,
16.58,12029,
16.59,12035,
16.6,12034,
16.61,12038,
16.62,12041,
16.63,12045,
16.64,12047,
16.65,12049,
16.66,12054,
16.67,12049,
16.68,12052,
16.69,12056,
16.7,12062,
16.71,12060,
16.72,12062,
16.73,12067,
16.74,12069,
16.75,12067,
16.76,12074,
16.77,12076,
16.78,12073,
16.79,12076,
16.8,12082,
16.81,12085,
16.82,12086,
16.83,12084,
16.84,12091,
16.85,12091,
16.86,12098,
16.87,12095,
16.88,12096,
16.89,12097,
16.9,12091,
16.91,12081,
16.92,12072,
16.93,12066,
16.94,12054,
16.95,12051,
16.96,12041,
16.97,12034,
16.98,12029,
16.99,12026,
17,12024,
17.01,12018,
17.02,12018,
17.03,12016,
17.04,12012,
17.05,12014,
17.06,12013,
17.07,12015,
17.08,12017,
17.09,12016,
17.1,12020,
17.11,12019,
17.12,12024,
17.13,12024,
17.14,12027,
17.15,12022,
17.16,12026,
17.17,12027,
17.18,12024,
17.19,12021,
17.2,12019,
17.21,12014,
17.22,12020,
17.23,12018,
17.24,12015,
17.25,12012,
17.26,12011,
17.27,12010,
17.28,12011,
17.29,12009,
17.3,12012,
17.31,12011,
17.32,12012,
17.33,12018,
17.34,12020,
17.35,12021,
17.36,12026,
17.37,12023,
17.38,12024,
17.39,12028,
17.4,12031,
17.41,12035,
17.42,12034,
17.43,12041,
17.44,12041,
17.45,12043,
17.46,12043,
17.47,12049,
17.48,12050,
17.49,12052,
17.5,12054,
17.51,12056,
17.52,12057,
17.53,12058,
17.54,12059,
17.55,12064,
17.56,12063,
17.57,12062,
17.58,12068,
17.59,12067,
17.6,12071,
17.61,12072,
17.62,12074,
17.63,12075,
17.64,12076,
17.65,12081,
17.66,12085,
17.67,12085,
17.68,12086,
17.69,12086,
17.7,12083,
17.71,12077,
17.72,12071,
17.73,12063,
17.74,12052,
17.75,12046,
17.76,12036,
17.77,12033,
17.78,12025,
17.79,12020,
17.8,12015,
17.81,12011,
17.82,12006,
17.83,12004,
17.84,12002,
17.85,12004,
17.86,12002,
17.87,12008,
17.88,12007,
17.89,12008,
17.9,12007,
17.91,12012,
17.92,12014,
17.93,12016,
17.94,12019,
17.95,12026,
17.96,12023,
17.97,12027,
17.98,12028,
17.99,12026,
18,12023,
18.01,12029,
18.02,12022,
18.03,12023,
18.04,12021,
18.05,12020,
18.06,12018,
18.07,12018,
18.08,12022,
18.09,12016,
18.1,12021,
18.11,12022,
18.12,12022,
18.13,12020,
18.14,12029,
18.15,12027,
18.16,12027,
18.17,12030,
18.18,12035,
18.19,12041,
18.2,12040,
18.21,12041,
18.22,12046,
18.23,12046,
18.24,12050,
18.25,12050,
18.26,12053,
18.27,12057,
18.28,12057,
18.29,12060,
18.3,12068,
18.31,12068,
18.32,12067,
18.33,12070,
18.34,12077,
18.35,12074,
18.36,12082,
18.37,12077,
18.38,12079,
18.39,12080,
18.4,12085,
18.41,12085,
18.42,12088,
18.43,12089,
18.44,12097,
18.45,12095,
18.46,12093,
18.47,12097,
18.48,12094,
18.49,12097,
18.5,12094,
18.51,12089,
18.52,12082,
18.53,12075,
18.54,12068,
18.55,12064,
18.56,12051,
18.57,12044,
18.58,12042,
18.59,12039,
18.6,12038,
18.61,12034,
18.62,12034,
18.63,12031,
18.64,12036,
18.65,12032,
18.66,12032,
18.67,12033,
18.68,12038,
18.69,12040,
18.7,12040,
18.71,12047,
18.72,12049,
18.73,12053,
18.74,12050,
18.75,12055,
18.76,12055,
18.77,12055,
18.78,12055,
18.79,12059,
18.8,12054,
18.81,12057,
18.82,12055,
18.83,12052,
18.84,12050,
18.85,12048,
18.86,12050,
18.87,12052,
18.88,12049,
18.89,12052,
18.9,12056,
18.91,12055,
18.92,12053,
18.93,12059,
18.94,12060,
18.95,12060,
18.96,12060,
18.97,12064,
18.98,12069,
18.99,12066,
19,12070,
19.01,12076,
19.02,12079,
19.03,12077,
19.04,12083,
19.05,12084,
19.06,12083,
19.07,12089,
19.08,12093,
19.09,12095,
19.1,12096,
19.11,12096,
19.12,12105,
19.13,12100,
19.14,12106,
19.15,12107,
19.16,12110,
19.17,12112,
19.18,12114,
19.19,12117,
19.2,12118,
19.21,12117,
19.22,12121,
19.23,12124,
19.24,12124,
19.25,12128,
19.26,12128,
19.27,12127,
19.28,12127,
19.29,12125,
19.3,12118,
19.31,12110,
19.32,12104,
19.33,12098,
19.34,12087,
19.35,12086,
19.36,12076,
19.37,12074,
19.38,12073,
19.39,12068,
19.4,12065,
19.41,12061,
19.42,12063,
19.43,12063,
19.44,12064,
19.45,12068,
19.46,12067,
19.47,12068,
19.48,12070,
19.49,12074,
19.5,12078,
19.51,12078,
19.52,12084,
19.53,12084,
19.54,12087,
19.55,12091,
19.56,12088,
19.57,12089,
19.58,12084,
19.59,12084,
19.6,12083,
19.61,12081,
19.62,12080,
19.63,12081,
19.64,12077,
19.65,12076,
19.66,12078,
19.67,12078,
19.68,12079,
19.69,12077,
19.7,12081,
19.71,12082,
19.72,12085,
19.73,12084,
19.74,12087,
19.75,12087,
19.76,12092,
19.77,12090,
19.78,12095,
19.79,12098,
19.8,12101,
19.81,12102,
19.82,12104,
19.83,12106,
19.84,12110,
19.85,12114,
19.86,12113,
19.87,12116,
19.88,12117,
19.89,12118,
19.9,12127,
19.91,12124,
19.92,12126,
19.93,12128,
19.94,12129,
19.95,12130,
19.96,12132,
19.97,12130,
19.98,12137,
19.99,12138,
20,12139,
20.01,12144,
20.02,12142,
20.03,12138,
20.04,12130,
20.05,12130,
20.06,12122,
20.07,12117,
20.08,12105,
20.09,12099,
20.1,12095,
20.11,12087,
20.12,12079,
20.13,12080,
20.14,12075,
20.15,12074,
20.16,12071,
20.17,12068,
20.18,12070,
20.19,12073,
20.2,12073,
20.21,12074,
20.22,12075,
20.23,12077,
20.24,12079,
20.25,12084,
20.26,12083,
20.27,12083,
20.28,12086,
20.29,12087,
20.3,12090,
20.31,12091,
20.32,12084,
20.33,12087,
20.34,12084,
20.35,12084,
20.36,12081,
20.37,12081,
20.38,12075,
20.39,12080,
20.4,12079,
20.41,12079,
20.42,12075,
20.43,12074,
20.44,12077,
20.45,12076,
20.46,12084,
20.47,12081,
20.48,12081,
20.49,12079,
20.5,12087,
20.51,12090,
20.52,12088,
20.53,12092,
20.54,12091,
20.55,12093,
20.56,12096,
20.57,12100,
20.58,12101,
20.59,12104,
20.6,12103,
20.61,12106,
20.62,12113,
20.63,12110,
20.64,12115,
20.65,12115,
20.66,12116,
20.67,12113,
20.68,12118,
20.69,12123,
20.7,12123,
20.71,12127,
20.72,12124,
20.73,12119,
20.74,12118,
20.75,12110,
20.76,12104,
20.77,12097,
20.78,12088,
20.79,12082,
20.8,12076,
20.81,12065,
20.82,12060,
20.83,12056,
20.84,12051,
20.85,12051,
20.86,12047,
20.87,12048,
20.88,12046,
20.89,12043,
20.9,12047,
20.91,12049,
20.92,12048,
20.93,12053,
20.94,12055,
20.95,12057,
20.96,12058,
20.97,12063,
20.98,12063,
20.99,12068,
21,12067,
21.01,12068,
21.02,12066,
21.03,12072,
21.04,12065,
21.05,12068,
21.06,12063,
21.07,12060,
21.08,12061,
21.09,12059,
21.1,12059,
21.11,12055,
21.12,12058,
21.13,12056,
21.14,12057,
21.15,12058,
21.16,12063,
21.17,12064,
21.18,12064,
21.19,12066,
21.2,12068,
21.21,12074,
21.22,12073,
21.23,12076,
21.24,12079,
21.25,12079,
21.26,12084,
21.27,12087,
21.28,12085,
21.29,12091,
21.3,12095,
21.31,12098,
21.32,12097,
21.33,12104,
21.34,12102,
21.35,12108,
21.36,12106,
21.37,12112,
21.38,12110,
21.39,12115,
21.4,12118,
21.41,12118,
21.42,12120,
21.43,12118,
21.44,12121,
21.45,12119,
21.46,12116,
21.47,12110,
21.48,12100,
21.49,12095,
21.5,12084,
21.51,12077,
21.52,12076,
21.53,12066,
21.54,12056,
21.55,12055,
21.56,12051,
21.57,12047,
21.58,12047,
21.59,12049,
21.6,12046,
21.61,12045,
21.62,12047,
21.63,12048,
21.64,12048,
21.65,12051,
21.66,12052,
21.67,12054,
21.68,12060,
21.69,12058,
21.7,12057,
21.71,12065,
21.72,12066,
21.73,12063,
21.74,12063,
21.75,12063,
21.76,12061,
21.77,12060,
21.78,12056,
21.79,12058,
21.8,12058,
21.81,12051,
21.82,12055,
21.83,12055,
21.84,12054,
21.85,12052,
21.86,12054,
21.87,12056,
21.88,12056,
21.89,12058,
21.9,12057,
21.91,12060,
21.92,12066,
21.93,12070,
21.94,12069,
21.95,12071,
21.96,12072,
21.97,12070,
21.98,12078,
21.99,12082,
22,12080,
22.01,12086,
22.02,12084,
22.03,12093,
22.04,12089,
22.05,12091,
22.06,12094,
22.07,12098,
22.08,12097,
22.09,12098,
22.1,12103,
22.11,12103,
22.12,12105,
22.13,12103,
22.14,12106,
22.15,12108,
22.16,12112,
22.17,12118,
22.18,12117,
22.19,12115,
22.2,12116,
22.21,12112,
22.22,12106,
22.23,12104,
22.24,12095,
22.25,12089,
22.26,12081,
22.27,12073,
22.28,12065,
22.29,12060,
22.3,12052,
22.31,12050,
22.32,12041,
22.33,12045,
22.34,12039,
22.35,12040,
22.36,12037,
22.37,12041,
22.38,12043,
22.39,12041,
22.4,12045,
22.41,12047,
22.42,12054,
22.43,12053,
22.44,12058,
22.45,12062,
22.46,12063,
22.47,12063,
22.48,12060,
22.49,12059,
22.5,12062,
22.51,12058,
22.52,12059,
22.53,12056,
22.54,12057,
22.55,12051,
22.56,12053,
22.57,12049,
22.58,12049,
22.59,12050,
22.6,12050,
22.61,12054,
22.62,12056,
22.63,12056,
22.64,12056,
22.65,12058,
22.66,12059,
22.67,12063,
22.68,12061,
22.69,12064,
22.7,12069,
22.71,12074,
22.72,12071,
22.73,12078,
22.74,12077,
22.75,12078,
22.76,12083,
22.77,12081,
22.78,12085,
22.79,12088,
22.8,12091,
22.81,12090,
22.82,12092,
22.83,12096,
22.84,12092,
22.85,12096,
22.86,12097,
22.87,12099,
22.88,12102,
22.89,12100,
22.9,12103,
22.91,12105,
22.92,12106,
22.93,12108,
22.94,12111,
22.95,12114,
22.96,12115,
22.97,12115,
22.98,12106,
22.99,12102,
23,12097,
23.01,12087,
23.02,12083,
23.03,12070,
23.04,12066,
23.05,12058,
23.06,12054,
23.07,12049,
23.08,12044,
23.09,12037,
23.1,12035,
23.11,12036,
23.12,12035,
23.13,12038,
23.14,12040,
23.15,12039,
23.16,12039,
23.17,12043,
23.18,12045,
23.19,12050,
23.2,12050,
23.21,12052,
23.22,12052,
23.23,12056,
23.24,12058,
23.25,12056,
23.26,12057,
23.27,12055,
23.28,12054,
23.29,12053,
23.3,12049,
23.31,12048,
23.32,12050,
23.33,12048,
23.34,12047,
23.35,12045,
23.36,12047,
23.37,12045,
23.38,12047,
23.39,12049,
23.4,12051,
23.41,12053,
23.42,12051,
23.43,12058,
23.44,12058,
23.45,12059,
23.46,12064,
23.47,12065,
23.48,12069,
23.49,12069,
23.5,12075,
23.51,12076,
23.52,12078,
23.53,12082,
23.54,12082,
23.55,12085,
23.56,12085,
23.57,12089,
23.58,12090,
23.59,12094,
23.6,12093,
23.61,12098,
23.62,12096,
23.63,12101,
23.64,12101,
23.65,12104,
23.66,12104,
23.67,12108,
23.68,12107,
23.69,12112,
23.7,12113,
23.71,12113,
23.72,12109,
23.73,12105,
23.74,12099,
23.75,12093,
23.76,12084,
23.77,12071,
23.78,12065,
23.79,12058,
23.8,12051,
23.81,12041,
23.82,12037,
23.83,12036,
23.84,12031,
23.85,12030,
23.86,12030,
23.87,12028,
23.88,12025,
23.89,12027,
23.9,12032,
23.91,12032,
23.92,12035,
23.93,12033,
23.94,12033,
23.95,12038,
23.96,12038,
23.97,12040,
23.98,12042,
23.99,12043,
24,12044,
24.01,12040,
24.02,12045,
24.03,12042,
24.04,12039,
24.05,12036,
24.06,12036,
24.07,12033,
24.08,12031,
24.09,12034,
24.1,12033,
24.11,12035,
24.12,12033,
24.13,12037,
24.14,12036,
24.15,12034,
24.16,12039,
24.17,12037,
24.18,12042,
24.19,12046,
24.2,12044,
24.21,12048,
24.22,12048,
24.23,12051,
24.24,12052,
24.25,12058,
24.26,12057,
24.27,12060,
24.28,12066,
24.29,12069,
24.3,12066,
24.31,12073,
24.32,12072,
24.33,12078,
24.34,12077,
24.35,12080,
24.36,12081,
24.37,12083,
24.38,12084,
24.39,12091,
24.4,12088,
24.41,12088,
24.42,12093,
24.43,12090,
24.44,12096,
24.45,12097,
24.46,12100,
24.47,12105,
24.48,12106,
24.49,12106,
24.5,12105,
24.51,12101,
24.52,12097,
24.53,12089,
24.54,12080,
24.55,12070,
24.56,12060,
24.57,12055,
24.58,12047,
24.59,12038,
24.6,12029,
24.61,12026,
24.62,12021,
24.63,12019,
24.64,12018,
24.65,12017,
24.66,12017,
24.67,12016,
24.68,12017,
24.69,12018,
24.7,12014,
24.71,12020,
24.72,12021,
24.73,12024,
24.74,12027,
24.75,12025,
24.76,12026,
24.77,12025,
24.78,12026,
24.79,12027,
24.8,12027,
24.81,12027,
24.82,12024,
24.83,12022,
24.84,12023,
24.85,12017,
24.86,12017,
24.87,12017,
24.88,12016,
24.89,12009,
24.9,12015,
24.91,12013,
24.92,12012,
24.93,12015,
24.94,12014,
24.95,12018,
24.96,12020,
24.97,12019,
24.98,12022,
24.99,12027,
25,12024,
25.01,12029,
25.02,12034,
25.03,12032,
25.04,12034,
25.05,12038,
25.06,12039,
25.07,12044,
25.08,12045,
25.09,12049,
25.1,12047,
25.11,12053,
25.12,12055,
25.13,12056,
25.14,12057,
25.15,12060,
25.16,12064,
25.17,12064,
25.18,12066,
25.19,12067,
25.2,12067,
25.21,12072,
25.22,12072,
25.23,12076,
25.24,12073,
25.25,12080,
25.26,12079,
25.27,12082,
25.28,12083,
25.29,12089,
25.3,12088,
25.31,12090,
25.32,12092,
25.33,12097,
25.34,12096,
25.35,12095,
25.36,12090,
25.37,12083,
25.38,12076,
25.39,12065,
25.4,12055,
25.41,12045,
25.42,12037,
25.43,12030,
25.44,12022,
25.45,12016,
25.46,12015,
25.47,12008,
25.48,12009,
25.49,12005,
25.5,12007,
25.51,12009,
25.52,12008,
25.53,12008,
25.54,12010,
25.55,12014,
25.56,12015,
25.57,12010,
25.58,12019,
25.59,12017,
25.6,12023,
25.61,12023,
25.62,12022,
25.63,12026,
25.64,12027,
25.65,12024,
25.66,12022,
25.67,12024,
25.68,12024,
25.69,12020,
25.7,12020,
25.71,12018,
25.72,12014,
25.73,12018,
25.74,12019,
25.75,12019,
25.76,12020,
25.77,12021,
25.78,12022,
25.79,12026,
25.8,12027,
25.81,12030,
25.82,12034,
25.83,12033,
25.84,12038,
25.85,12040,
25.86,12040,
25.87,12048,
25.88,12049,
25.89,12048,
25.9,12050,
25.91,12053,
25.92,12058,
25.93,12061,
25.94,12056,
25.95,12064,
25.96,12064,
25.97,12065,
25.98,12072,
25.99,12072,
26,12072,
26.01,12072,
26.02,12074,
26.03,12078,
26.04,12076,
26.05,12078,
26.06,12082,
26.07,12080,
26.08,12084,
26.09,12084,
26.1,12089,
26.11,12090,
26.12,12089,
26.13,12094,
26.14,12094,
26.15,12089,
26.16,12087,
26.17,12082,
26.18,12077,
26.19,12064,
26.2,12054,
26.21,12047,
26.22,12042,
26.23,12036,
26.24,12030,
26.25,12024,
26.26,12022,
26.27,12018,
26.28,12018,
26.29,12015,
26.3,12013,
26.31,12015,
26.32,12020,
26.33,12016,
26.34,12020,
26.35,12025,
26.36,12023,
26.37,12030,
26.38,12033,
26.39,12029,
26.4,12035,
26.41,12033,
26.42,12036,
26.43,12032,
26.44,12039,
26.45,12032,
26.46,12034,
26.47,12030,
26.48,12029,
26.49,12027,
26.5,12028,
26.51,12024,
26.52,12028,
26.53,12028,
26.54,12025,
26.55,12031,
26.56,12028,
26.57,12028,
26.58,12029,
26.59,12033,
26.6,12036,
26.61,12038,
26.62,12037,
26.63,12042,
26.64,12044,
26.65,12046,
26.66,12051,
26.67,12051,
26.68,12054,
26.69,12058,
26.7,12059,
26.71,12060,
26.72,12067,
26.73,12065,
26.74,12069,
26.75,12070,
26.76,12074,
26.77,12076,
26.78,12078,
26.79,12076,
26.8,12081,
26.81,12083,
26.82,12086,
26.83,12086,
26.84,12087,
26.85,12091,
26.86,12093,
26.87,12094,
26.88,12091,
26.89,12095,
26.9,12095,
26.91,12097,
26.92,12094,
26.93,12087,
26.94,12085,
26.95,12075,
26.96,12070,
26.97,12056,
26.98,12047,
26.99,12038,
27,12029,
27.01,12023,
27.02,12016,
27.03,12006,
27.04,12008,
27.05,12004,
27.06,11999,
27.07,11998,
27.08,11999,
27.09,11999,
27.1,11999,
27.11,12004,
27.12,11997,
27.13,12001,
27.14,12007,
27.15,12003,
27.16,12008,
27.17,12011,
27.18,12010,
27.19,12011,
27.2,12012,
27.21,12012,
27.22,12012,
27.23,12008,
27.24,12006,
27.25,12003,
27.26,12005,
27.27,12001,
27.28,12000,
27.29,12001,
27.3,11999,
27.31,11999,
27.32,12000,
27.33,12004,
27.34,12000,
27.35,12002,
27.36,12003,
27.37,12006,
27.38,12006,
27.39,12007,
27.4,12007,
27.41,12011,
27.42,12013,
27.43,12019,
27.44,12020,
27.45,12023,
27.46,12025,
27.47,12026,
27.48,12029,
27.49,12034,
27.5,12035,
27.51,12036,
27.52,12041,
27.53,12038,
27.54,12042,
27.55,12046,
27.56,12043,
27.57,12047,
27.58,12047,
27.59,12048,
27.6,12051,
27.61,12054,
27.62,12056,
27.63,12055,
27.64,12060,
27.65,12062,
27.66,12062,
27.67,12066,
27.68,12069,
27.69,12070,
27.7,12069,
27.71,12066,
27.72,12061,
27.73,12054,
27.74,12043,
27.75,12038,
27.76,12025,
27.77,12016,
27.78,12010,
27.79,11999,
27.8,11989,
27.81,11984,
27.82,11978,
27.83,11971,
27.84,11972,
27.85,11969,
27.86,11966,
27.87,11968,
27.88,11968,
27.89,11969,
27.9,11966,
27.91,11967,
27.92,11971,
27.93,11972,
27.94,11976,
27.95,11978,
27.96,11978,
27.97,11978,
27.98,11982,
27.99,11979,
28,11977,
28.01,11979,
28.02,11976,
28.03,11979,
28.04,11974,
28.05,11974,
28.06,11971,
28.07,11968,
28.08,11971,
28.09,11965,
28.1,11967,
28.11,11970,
28.12,11970,
28.13,11970,
28.14,11970,
28.15,11972,
28.16,11973,
28.17,11974,
28.18,11981,
28.19,11984,
28.2,11981,
28.21,11989,
28.22,11992,
28.23,11996,
28.24,11995,
28.25,11998,
28.26,12002,
28.27,12001,
28.28,12008,
28.29,12010,
28.3,12009,
28.31,12017,
28.32,12018,
28.33,12018,
28.34,12021,
28.35,12021,
28.36,12025,
28.37,12026,
28.38,12028,
28.39,12036,
28.4,12035,
28.41,12038,
28.42,12038,
28.43,12041,
28.44,12044,
28.45,12047,
28.46,12050,
28.47,12050,
28.48,12056,
28.49,12057,
28.5,12058,
28.51,12062,
28.52,12056,
28.53,12051,
28.54,12046,
28.55,12041,
28.56,12028,
28.57,12020,
28.58,12008,
28.59,12004,
28.6,11997,
28.61,11984,
28.62,11980,
28.63,11980,
28.64,11976,
28.65,11969,
28.66,11971,
28.67,11971,
28.68,11970,
28.69,11970,
28.7,11971,
28.71,11972,
28.72,11975,
28.73,11976,
28.74,11977,
28.75,11981,
28.76,11985,
28.77,11985,
28.78,11986,
28.79,11989,
28.8,11990,
28.81,11989,
28.82,11986,
28.83,11988,
28.84,11985,
28.85,11982,
28.86,11978,
28.87,11980,
28.88,11974,
28.89,11978,
28.9,11977,
28.91,11977,
28.92,11976,
28.93,11981,
28.94,11980,
28.95,11980,
28.96,11981,
28.97,11985,
28.98,11988,
28.99,11991,
29,11994,
29.01,11993,
29.02,11999,
29.03,12001,
29.04,12003,
29.05,12008,
29.06,12006,
29.07,12013,
29.08,12012,
29.09,12016,
29.1,12019,
29.11,12025,
29.12,12023,
29.13,12026,
29.14,12028,
29.15,12030,
29.16,12034,
29.17,12032,
29.18,12039,
29.19,12040,
29.2,12041,
29.21,12042,
29.22,12045,
29.23,12047,
29.24,12049,
29.25,12053,
29.26,12052,
29.27,12058,
29.28,12058,
29.29,12062,
29.3,12064,
29.31,12066,
29.32,12067,
29.33,12067,
29.34,12061,
29.35,12055,
29.36,12051,
29.37,12041,
29.38,12032,
29.39,12024,
29.4,12017,
29.41,12009,
29.42,12004,
29.43,11998,
29.44,11991,
29.45,11985,
29.46,11985,
29.47,11988,
29.48,11983,
29.49,11988,
29.5,11984,
29.51,11986,
29.52,11989,
29.53,11990,
29.54,11996,
29.55,12000,
29.56,11998,
29.57,12006,
29.58,12007,
29.59,12008,
29.6,12008,
29.61,12007,
29.62,12010,
29.63,12008,
29.64,12006,
29.65,12004,
29.66,12004,
29.67,12001,
29.68,11998,
29.69,12001,
29.7,12000,
29.71,11997,
29.72,11997,
29.73,11999,
29.74,11996,
29.75,12002,
29.76,12004,
29.77,12006,
29.78,12005,
29.79,12010,
29.8,12011,
29.81,12010,
29.82,12018,
29.83,12019,
29.84,12023,
29.85,12023,
29.86,12025,
29.87,12034,
29.88,12032,
29.89,12033,
29.9,12038,
29.91,12037,
29.92,12042,
29.93,12044,
29.94,12050,
29.95,12052,
29.96,12051,
29.97,12053,
29.98,12058,
29.99,12059,
30,12059,
30.01,12062,
30.02,12061,
30.03,12063,
30.04,12068,
30.05,12069,
30.06,12071,
30.07,12070,
30.08,12074,
30.09,12073,
30.1,12073,
30.11,12063,
30.12,12056,
30.13,12055,
30.14,12042,
30.15,12034,
30.16,12027,
30.17,12023,
30.18,12014,
30.19,12006,
30.2,12000,
30.21,11997,
30.22,11994,
30.23,11996,
30.24,11994,
30.25,11992,
30.26,11993,
30.27,11992,
30.28,11991,
30.29,11996,
30.3,11998,
30.31,11998,
30.32,12005,
30.33,12007,
30.34,12009,
30.35,12013,
30.36,12016,
30.37,12014,
30.38,12009,
30.39,12017,
30.4,12010,
30.41,12012,
30.42,12011,
30.43,12007,
30.44,12009,
30.45,12003,
30.46,12002,
30.47,12003,
30.48,12003,
30.49,12005,
30.5,12002,
30.51,12005,
30.52,12004,
30.53,12008,
30.54,12008,
30.55,12009,
30.56,12011,
30.57,12013,
30.58,12015,
30.59,12018,
30.6,12022,
30.61,12023,
30.62,12024,
30.63,12026,
30.64,12025,
30.65,12032,
30.66,12034,
30.67,12032,
30.68,12035,
30.69,12034,
30.7,12039,
30.71,12042,
30.72,12038,
30.73,12046,
30.74,12041,
30.75,12043,
30.76,12050,
30.77,12046,
30.78,12050,
30.79,12053,
30.8,12051,
30.81,12058,
30.82,12054,
30.83,12058,
30.84,12059,
30.85,12059,
30.86,12059,
30.87,12052,
30.88,12050,
30.89,12041,
30.9,12033,
30.91,12022,
30.92,12014,
30.93,12003,
30.94,11995,
30.95,11985,
30.96,11979,
30.97,11972,
30.98,11970,
30.99,11964,
31,11962,
31.01,11957,
31.02,11960,
31.03,11959,
31.04,11959,
31.05,11964,
31.06,11968,
31.07,11969,
31.08,11965,
31.09,11966,
31.1,11972,
31.11,11973,
31.12,11973,
31.13,11972,
31.14,11974,
31.15,11972,
31.16,11972,
31.17,11971,
31.18,11972,
31.19,11967,
31.2,11962,
31.21,11962,
31.22,11960,
31.23,11956,
31.24,11956,
31.25,11960,
31.26,11953,
31.27,11953,
31.28,11955,
31.29,11955,
31.3,11957,
31.31,11959,
31.32,11960,
31.33,11964,
31.34,11961,
31.35,11968,
31.36,11971,
31.37,11970,
31.38,11975,
31.39,11977,
31.4,11982,
31.41,11986,
31.42,11989,
31.43,11986,
31.44,11990,
31.45,11994,
31.46,11995,
31.47,11997,
31.48,12005,
31.49,12005,
31.5,12004,
31.51,12008,
31.52,12007,
31.53,12009,
31.54,12012,
31.55,12017,
31.56,12018,
31.57,12023,
31.58,12025,
31.59,12026,
31.6,12030,
31.61,12033,
31.62,12037,
31.63,12036,
31.64,12039,
31.65,12040,
31.66,12035,
31.67,12034,
31.68,12027,
31.69,12019,
31.7,12010,
31.71,12004,
31.72,11996,
31.73,11988,
31.74,11982,
31.75,11979,
31.76,11971,
31.77,11971,
31.78,11966,
31.79,11962,
31.8,11964,
31.81,11968,
31.82,11964,
31.83,11970,
31.84,11972,
31.85,11973,
31.86,11978,
31.87,11979,
31.88,11985,
31.89,11991,
31.9,11994,
31.91,11996,
31.92,11997,
31.93,11996,
31.94,11998,
31.95,12001,
31.96,11999,
31.97,11999,
31.98,11996,
31.99,11993,
32,11995,
32.01,11997,
32.02,11995,
32.03,11998,
32.04,11999,
32.05,11997,
32.06,11999,
32.07,12002,
32.08,11999,
32.09,12005,
32.1,12004,
32.11,12009,
32.12,12012,
32.13,12018,
32.14,12020,
32.15,12022,
32.16,12025,
32.17,12033,
32.18,12034,
32.19,12038,
32.2,12041,
32.21,12044,
32.22,12044,
32.23,12049,
32.24,12051,
32.25,12059,
32.26,12060,
32.27,12061,
32.28,12063,
32.29,12068,
32.3,12073,
32.31,12074,
32.32,12078,
32.33,12077,
32.34,12081,
32.35,12082,
32.36,12082,
32.37,12088,
32.38,12091,
32.39,12096,
32.4,12093,
32.41,12096,
32.42,12102,
32.43,12105,
32.44,12106,
32.45,12106,
32.46,12108,
32.47,12100,
32.48,12101,
32.49,12090,
32.5,12088,
32.51,12075,
32.52,12072,
32.53,12065,
32.54,12059,
32.55,12048,
32.56,12047,
32.57,12045,
32.58,12041,
32.59,12037,
32.6,12038,
32.61,12040,
32.62,12041,
32.63,12041,
32.64,12045,
32.65,12044,
32.66,12046,
32.67,12051,
32.68,12055,
32.69,12061,
32.7,12061,
32.71,12067,
32.72,12068,
32.73,12067,
32.74,12071,
32.75,12071,
32.76,12072,
32.77,12071,
32.78,12071,
32.79,12068,
32.8,12064,
32.81,12066,
32.82,12067,
32.83,12068,
32.84,12064,
32.85,12065,
32.86,12067,
32.87,12066,
32.88,12068,
32.89,12069,
32.9,12075,
32.91,12072,
32.92,12076,
32.93,12078,
32.94,12084,
32.95,12080,
32.96,12084,
32.97,12089,
32.98,12093,
32.99,12095,
33,12095,
33.01,12100,
33.02,12100,
33.03,12104,
33.04,12105,
33.05,12107,
33.06,12113,
33.07,12118,
33.08,12116,
33.09,12118,
33.1,12121,
33.11,12122,
33.12,12127,
33.13,12125,
33.14,12131,
33.15,12131,
33.16,12134,
33.17,12137,
33.18,12142,
33.19,12141,
33.2,12142,
33.21,12139,
33.22,12137,
33.23,12134,
33.24,12127,
33.25,12122,
33.26,12114,
33.27,12108,
33.28,12101,
33.29,12092,
33.3,12089,
33.31,12085,
33.32,12083,
33.33,12079,
33.34,12081,
33.35,12077,
33.36,12080,
33.37,12077,
33.38,12082,
33.39,12082,
33.4,12085,
33.41,12085,
33.42,12092,
33.43,12092,
33.44,12097,
33.45,12100,
33.46,12104,
33.47,12107,
33.48,12109,
33.49,12108,
33.5,12111,
33.51,12110,
33.52,12112,
33.53,12109,
33.54,12107,
33.55,12107,
33.56,12100,
33.57,12105,
33.58,12104,
33.59,12105,
33.6,12107,
33.61,12106,
33.62,12108,
33.63,12107,
33.64,12107,
33.65,12106,
33.66,12113,
33.67,12110,
33.68,12115,
33.69,12116,
33.7,12119,
33.71,12121,
33.72,12124,
33.73,12127,
33.74,12129,
33.75,12133,
33.76,12133,
33.77,12137,
33.78,12140,
33.79,12144,
33.8,12143,
33.81,12150,
33.82,12150,
33.83,12152,
33.84,12151,
33.85,12160,
33.86,12161,
33.87,12160,
33.88,12166,
33.89,12165,
33.9,12171,
33.91,12168,
33.92,12170,
33.93,12174,
33.94,12171,
33.95,12179,
33.96,12174,
33.97,12170,
33.98,12167,
33.99,12160,
34,12152,
34.01,12140,
34.02,12132,
34.03,12125,
34.04,12115,
34.05,12113,
34.06,12111,
34.07,12103,
34.08,12100,
34.09,12100,
34.1,12098,
34.11,12101,
34.12,12099,
34.13,12098,
34.14,12102,
34.15,12102,
34.16,12107,
34.17,12109,
34.18,12112,
34.19,12116,
34.2,12119,
34.21,12122,
34.22,12122,
34.23,12127,
34.24,12125,
34.25,12125,
34.26,12125,
34.27,12126,
34.28,12125,
34.29,12123,
34.3,12121,
34.31,12120,
34.32,12120,
34.33,12122,
34.34,12121,
34.35,12121,
34.36,12120,
34.37,12116,
34.38,12120,
34.39,12123,
34.4,12122,
34.41,12124,
34.42,12123,
34.43,12128,
34.44,12129,
34.45,12132,
34.46,12137,
34.47,12137,
34.48,12139,
34.49,12144,
34.5,12147,
34.51,12152,
34.52,12148,
34.53,12148,
34.54,12156,
34.55,12154,
34.56,12157,
34.57,12161,
34.58,12166,
34.59,12167,
34.6,12169,
34.61,12170,
34.62,12173,
34.63,12172,
34.64,12175,
34.65,12175,
34.66,12181,
34.67,12184,
34.68,12185,
34.69,12184,
34.7,12189,
34.71,12189,
34.72,12185,
34.73,12185,
34.74,12178,
34.75,12174,
34.76,12166,
34.77,12157,
34.78,12152,
34.79,12139,
34.8,12134,
34.81,12129,
34.82,12122,
34.83,12119,
34.84,12113,
34.85,12111,
34.86,12109,
34.87,12112,
34.88,12109,
34.89,12110,
34.9,12113,
34.91,12114,
34.92,12117,
34.93,12119,
34.94,12118,
34.95,12124,
34.96,12129,
34.97,12130,
34.98,12130,
34.99,12137,
35,12135,
35.01,12135,
35.02,12137,
35.03,12138,
35.04,12136,
35.05,12130,
35.06,12128,
35.07,12129,
35.08,12125,
35.09,12128,
35.1,12123,
35.11,12125,
35.12,12128,
35.13,12125,
35.14,12128,
35.15,12127,
35.16,12127,
35.17,12129,
35.18,12132,
35.19,12131,
35.2,12136,
35.21,12139,
35.22,12144,
35.23,12144,
35.24,12144,
35.25,12149,
35.26,12152,
35.27,12154,
35.28,12159,
35.29,12153,
35.3,12160,
35.31,12162,
35.32,12165,
35.33,12167,
35.34,12174,
35.35,12173,
35.36,12177,
35.37,12174,
35.38,12178,
35.39,12180,
35.4,12187,
35.41,12184,
35.42,12187,
35.43,12187,
35.44,12190,
35.45,12193,
35.46,12195,
35.47,12197,
35.48,12199,
35.49,12201,
35.5,12198,
35.51,12187,
35.52,12183,
35.53,12179,
35.54,12169,
35.55,12160,
35.56,12154,
35.57,12144,
35.58,12139,
35.59,12134,
35.6,12130,
35.61,12129,
35.62,12123,
35.63,12119,
35.64,12118,
35.65,12124,
35.66,12123,
35.67,12124,
35.68,12125,
35.69,12124,
35.7,12132,
35.71,12132,
35.72,12136,
35.73,12140,
35.74,12142,
35.75,12142,
35.76,12144,
35.77,12148,
35.78,12147,
35.79,12147,
35.8,12146,
35.81,12143,
35.82,12145,
35.83,12144,
35.84,12142,
35.85,12138,
35.86,12134,
35.87,12137,
35.88,12136,
35.89,12134,
35.9,12136,
35.91,12137,
35.92,12140,
35.93,12138,
35.94,12143,
35.95,12148,
35.96,12145,
35.97,12147,
35.98,12149,
35.99,12150,
36,12152,
36.01,12153,
36.02,12160,
36.03,12159,
36.04,12164,
36.05,12162,
36.06,12169,
36.07,12173,
36.08,12171,
36.09,12177,
36.1,12177,
36.11,12180,
36.12,12181,
36.13,12184,
36.14,12184,
36.15,12188,
36.16,12190,
36.17,12189,
36.18,12192,
36.19,12191,
36.2,12195,
36.21,12200,
36.22,12200,
36.23,12205,
36.24,12204,
36.25,12205,
36.26,12205,
36.27,12208,
36.28,12204,
36.29,12201,
36.3,12194,
36.31,12187,
36.32,12176,
36.33,12169,
36.34,12159,
36.35,12157,
36.36,12150,
36.37,12144,
36.38,12144,
36.39,12138,
36.4,12134,
36.41,12134,
36.42,12132,
36.43,12128,
36.44,12129,
36.45,12134,
36.46,12134,
36.47,12139,
36.48,12136,
36.49,12141,
36.5,12146,
36.51,12148,
36.52,12148,
36.53,12146,
36.54,12151,
36.55,12151,
36.56,12153,
36.57,12148,
36.58,12151,
36.59,12151,
36.6,12147,
36.61,12145,
36.62,12145,
36.63,12145,
36.64,12142,
36.65,12141,
36.66,12144,
36.67,12138,
36.68,12143,
36.69,12141,
36.7,12139,
36.71,12143,
36.72,12143,
36.73,12148,
36.74,12147,
36.75,12153,
36.76,12154,
36.77,12152,
36.78,12157,
36.79,12161,
36.8,12161,
36.81,12168,
36.82,12171,
36.83,12173,
36.84,12172,
36.85,12177,
36.86,12183,
36.87,12179,
36.88,12184,
36.89,12183,
36.9,12187,
36.91,12190,
36.92,12186,
36.93,12188,
36.94,12194,
36.95,12195,
36.96,12197,
36.97,12197,
36.98,12200,
36.99,12201,
37,12207,
37.01,12207,
37.02,12204,
37.03,12208,
37.04,12203,
37.05,12196,
37.06,12197,
37.07,12190,
37.08,12181,
37.09,12172,
37.1,12163,
37.11,12157,
37.12,12148,
37.13,12146,
37.14,12139,
37.15,12134,
37.16,12134,
37.17,12128,
37.18,12129,
37.19,12126,
37.2,12128,
37.21,12127,
37.22,12130,
37.23,12130,
37.24,12130,
37.25,12135,
37.26,12138,
37.27,12140,
37.28,12143,
37.29,12142,
37.3,12146,
37.31,12146,
37.32,12148,
37.33,12145,
37.34,12143,
37.35,12143,
37.36,12143,
37.37,12141,
37.38,12139,
37.39,12138,
37.4,12138,
37.41,12138,
37.42,12137,
37.43,12132,
37.44,12133,
37.45,12134,
37.46,12134,
37.47,12138,
37.48,12140,
37.49,12143,
37.5,12144,
37.51,12147,
37.52,12151,
37.53,12151,
37.54,12154,
37.55,12155,
37.56,12156,
37.57,12161,
37.58,12164,
37.59,12164,
37.6,12168,
37.61,12168,
37.62,12172,
37.63,12176,
37.64,12177,
37.65,12178,
37.66,12182,
37.67,12184,
37.68,12183,
37.69,12184,
37.7,12188,
37.71,12190,
37.72,12189,
37.73,12191,
37.74,12197,
37.75,12197,
37.76,12197,
37.77,12199,
37.78,12198,
37.79,12201,
37.8,12205,
37.81,12204,
37.82,12202,
37.83,12198,
37.84,12195,
37.85,12188,
37.86,12178,
37.87,12170,
37.88,12166,
37.89,12161,
37.9,12150,
37.91,12143,
37.92,12141,
37.93,12136,
37.94,12132,
37.95,12130,
37.96,12129,
37.97,12127,
37.98,12126,
37.99,12128,
38,12127,
38.01,12128,
38.02,12129,
38.03,12132,
38.04,12133,
38.05,12141,
38.06,12138,
38.07,12142,
38.08,12146,
38.09,12149,
38.1,12142,
38.11,12143,
38.12,12138,
38.13,12142,
38.14,12144,
38.15,12135,
38.16,12137,
38.17,12134,
38.18,12131,
38.19,12131,
38.2,12130,
38.21,12127,
38.22,12125,
38.23,12127,
38.24,12133,
38.25,12132,
38.26,12131,
38.27,12133,
38.28,12134,
38.29,12138,
38.3,12141,
38.31,12138,
38.32,12139,
38.33,12146,
38.34,12146,
38.35,12146,
38.36,12152,
38.37,12149,
38.38,12151,
38.39,12150,
38.4,12159,
38.41,12157,
38.42,12159,
38.43,12162,
38.44,12160,
38.45,12163,
38.46,12167,
38.47,12169,
38.48,12172,
38.49,12171,
38.5,12171,
38.51,12177,
38.52,12176,
38.53,12174,
38.54,12178,
38.55,12175,
38.56,12173,
38.57,12170,
38.58,12164,
38.59,12156,
38.6,12148,
38.61,12139,
38.62,12134,
38.63,12125,
38.64,12117,
38.65,12110,
38.66,12108,
38.67,12103,
38.68,12098,
38.69,12095,
38.7,12095,
38.71,12095,
38.72,12095,
38.73,12092,
38.74,12095,
38.75,12096,
38.76,12102,
38.77,12100,
38.78,12102,
38.79,12106,
38.8,12107,
38.81,12107,
38.82,12109,
38.83,12114,
38.84,12112,
38.85,12107,
38.86,12106,
38.87,12105,
38.88,12102,
38.89,12105,
38.9,12102,
38.91,12099,
38.92,12098,
38.93,12101,
38.94,12096,
38.95,12099,
38.96,12097,
38.97,12096,
38.98,12103,
38.99,12101,
39,12100,
39.01,12108,
39.02,12110,
39.03,12106,
39.04,12109,
39.05,12111,
39.06,12118,
39.07,12122,
39.08,12120,
39.09,12124,
39.1,12125,
39.11,12126,
39.12,12130,
39.13,12132,
39.14,12131,
39.15,12133,
39.16,12138,
39.17,12140,
39.18,12145,
39.19,12143,
39.2,12149,
39.21,12148,
39.22,12148,
39.23,12149,
39.24,12153,
39.25,12156,
39.26,12154,
39.27,12158,
39.28,12151,
39.29,12162,
39.3,12161,
39.31,12165,
39.32,12165,
39.33,12161,
39.34,12163,
39.35,12155,
39.36,12148,
39.37,12137,
39.38,12129,
39.39,12120,
39.4,12110,
39.41,12101,
39.42,12093,
39.43,12087,
39.44,12083,
39.45,12082,
39.46,12073,
39.47,12074,
39.48,12073,
39.49,12075,
39.5,12070,
39.51,12073,
39.52,12072,
39.53,12075,
39.54,12078,
39.55,12077,
39.56,12078,
39.57,12079,
39.58,12082,
39.59,12082,
39.6,12083,
39.61,12081,
39.62,12084,
39.63,12079,
39.64,12076,
39.65,12080,
39.66,12077,
39.67,12071,
39.68,12072,
39.69,12070,
39.7,12067,
39.71,12067,
39.72,12067,
39.73,12070,
39.74,12065,
39.75,12073,
39.76,12075,
39.77,12074,
39.78,12078,
39.79,12076,
39.8,12081,
39.81,12080,
39.82,12086,
39.83,12090,
39.84,12091,
39.85,12092,
39.86,12092,
39.87,12097,
39.88,12097,
39.89,12104,
39.9,12103,
39.91,12107,
39.92,12107,
39.93,12114,
39.94,12116,
39.95,12115,
39.96,12119,
39.97,12119,
39.98,12122,
39.99,12121,
40,12123,
40.01,12128,
40.02,12130,
40.03,12127,
40.04,12131,
40.05,12130,
40.06,12137,
40.07,12137,
40.08,12138,
40.09,12138,
40.1,12140,
40.11,12142,
40.12,12144,
40.13,12141,
40.14,12135,
40.15,12129,
40.16,12122,
40.17,12113,
40.18,12101,
40.19,12095,
40.2,12083,
40.21,12079,
40.22,12073,
40.23,12066,
40.24,12061,
40.25,12061,
40.26,12056,
40.27,12056,
40.28,12053,
40.29,12055,
40.3,12054,
40.31,12053,
40.32,12060,
40.33,12058,
40.34,12060,
40.35,12062,
40.36,12067,
40.37,12067,
40.38,12070,
40.39,12072,
40.4,12072,
40.41,12067,
40.42,12069,
40.43,12073,
40.44,12067,
40.45,12067,
40.46,12066,
40.47,12059,
40.48,12062,
40.49,12061,
40.5,12060,
40.51,12061,
40.52,12057,
40.53,12059,
40.54,12065,
40.55,12062,
40.56,12063,
40.57,12067,
40.58,12068,
40.59,12069,
40.6,12072,
40.61,12069,
40.62,12076,
40.63,12081,
40.64,12080,
40.65,12084,
40.66,12086,
40.67,12090,
40.68,12090,
40.69,12095,
40.7,12096,
40.71,12099,
40.72,12104,
40.73,12102,
40.74,12101,
40.75,12106,
40.76,12108,
40.77,12111,
40.78,12112,
40.79,12113,
40.8,12118,
40.81,12119,
40.82,12117,
40.83,12120,
40.84,12120,
40.85,12122,
40.86,12128,
40.87,12129,
40.88,12130,
40.89,12134,
40.9,12134,
40.91,12140,
40.92,12144,
40.93,12144,
40.94,12145,
40.95,12145,
40.96,12143,
40.97,12142,
40.98,12134,
40.99,12132,
41,12124,
41.01,12113,
41.02,12108,
41.03,12098,
41.04,12093,
41.05,12088,
41.06,12083,
41.07,12080,
41.08,12079,
41.09,12079,
41.1,12074,
41.11,12076,
41.12,12075,
41.13,12076,
41.14,12083,
41.15,12082,
41.16,12084,
41.17,12091,
41.18,12090,
41.19,12095,
41.2,12095,
41.21,12096,
41.22,12101,
41.23,12106,
41.24,12103,
41.25,12107,
41.26,12104,
41.27,12102,
41.28,12100,
41.29,12102,
41.3,12103,
41.31,12102,
41.32,12099,
41.33,12099,
41.34,12101,
41.35,12099,
41.36,12101,
41.37,12103,
41.38,12103,
41.39,12108,
41.4,12107,
41.41,12107,
41.42,12111,
41.43,12112,
41.44,12114,
41.45,12118,
41.46,12121,
41.47,12126,
41.48,12128,
41.49,12131,
41.5,12134,
41.51,12137,
41.52,12139,
41.53,12145,
41.54,12144,
41.55,12148,
41.56,12152,
41.57,12153,
41.58,12155,
41.59,12155,
41.6,12159,
41.61,12162,
41.62,12162,
41.63,12165,
41.64,12168,
41.65,12172,
41.66,12174,
41.67,12173,
41.68,12174,
41.69,12181,
41.7,12180,
41.71,12183,
41.72,12184,
41.73,12189,
41.74,12189,
41.75,12195,
41.76,12195,
41.77,12200,
41.78,12200,
41.79,12203,
41.8,12199,
41.81,12200,
41.82,12194,
41.83,12188,
41.84,12184,
41.85,12178,
41.86,12165,
41.87,12158,
41.88,12156,
41.89,12150,
41.9,12147,
41.91,12146,
41.92,12141,
41.93,12141,
41.94,12138,
41.95,12138,
41.96,12139,
41.97,12140,
41.98,12143,
41.99,12145,
42,12148,
42.01,12148,
42.02,12151,
42.03,12154,
42.04,12157,
42.05,12163,
42.06,12162,
42.07,12163,
42.08,12167,
42.09,12165,
42.1,12164,
42.11,12165,
42.12,12164,
42.13,12163,
42.14,12161,
42.15,12158,
42.16,12163,
42.17,12157,
42.18,12158,
42.19,12158,
42.2,12153,
42.21,12161,
42.22,12161,
42.23,12161,
42.24,12165,
42.25,12166,
42.26,12165,
42.27,12168,
42.28,12167,
42.29,12176,
42.3,12178,
42.31,12175,
42.32,12183,
42.33,12189,
42.34,12185,
42.35,12192,
42.36,12191,
42.37,12195,
42.38,12197,
42.39,12200,
42.4,12203,
42.41,12204,
42.42,12206,
42.43,12210,
42.44,12207,
42.45,12212,
42.46,12215,
42.47,12218,
42.48,12219,
42.49,12222,
42.5,12221,
42.51,12226,
42.52,12225,
42.53,12229,
42.54,12226,
42.55,12231,
42.56,12227,
42.57,12228,
42.58,12221,
42.59,12217,
42.6,12208,
42.61,12201,
42.62,12195,
42.63,12190,
42.64,12185,
42.65,12181,
42.66,12178,
42.67,12175,
42.68,12174,
42.69,12168,
42.7,12173,
42.71,12171,
42.72,12175,
42.73,12171,
42.74,12175,
42.75,12180,
42.76,12181,
42.77,12182,
42.78,12186,
42.79,12191,
42.8,12190,
42.81,12195,
42.82,12200,
42.83,12200,
42.84,12206,
42.85,12200,
42.86,12201,
42.87,12201,
42.88,12198,
42.89,12196,
42.9,12196,
42.91,12195,
42.92,12195,
42.93,12195,
42.94,12195,
42.95,12192,
42.96,12196,
42.97,12196,
42.98,12197,
42.99,12196,
43,12199,
43.01,12203,
43.02,12202,
43.03,12201,
43.04,12207,
43.05,12209,
43.06,12212,
43.07,12212,
43.08,12213,
43.09,12218,
43.1,12219,
43.11,12222,
43.12,12225,
43.13,12226,
43.14,12223,
43.15,12231,
43.16,12236,
43.17,12236,
43.18,12238,
43.19,12238,
43.2,12241,
43.21,12245,
43.22,12245,
43.23,12253,
43.24,12251,
43.25,12251,
43.26,12251,
43.27,12252,
43.28,12253,
43.29,12254,
43.3,12253,
43.31,12254,
43.32,12246,
43.33,12240,
43.34,12231,
43.35,12226,
43.36,12220,
43.37,12206,
43.38,12201,
43.39,12192,
43.4,12189,
43.41,12184,
43.42,12179,
43.43,12180,
43.44,12176,
43.45,12175,
43.46,12180,
43.47,12177,
43.48,12180,
43.49,12175,
43.5,12184,
43.51,12184,
43.52,12188,
43.53,12191,
43.54,12190,
43.55,12194,
43.56,12194,
43.57,12194,
43.58,12193,
43.59,12198,
43.6,12198,
43.61,12194,
43.62,12195,
43.63,12192,
43.64,12193,
43.65,12189,
43.66,12190,
43.67,12187,
43.68,12186,
43.69,12184,
43.7,12185,
43.71,12183,
43.72,12184,
43.73,12183,
43.74,12186,
43.75,12186,
43.76,12193,
43.77,12191,
43.78,12191,
43.79,12197,
43.8,12196,
43.81,12197,
43.82,12197,
43.83,12202,
43.84,12204,
43.85,12206,
43.86,12211,
43.87,12215,
43.88,12218,
43.89,12217,
43.9,12219,
43.91,12219,
43.92,12222,
43.93,12222,
43.94,12226,
43.95,12228,
43.96,12229,
43.97,12230,
43.98,12227,
43.99,12233,
44,12236,
44.01,12237,
44.02,12239,
44.03,12241,
44.04,12243,
44.05,12244,
44.06,12241,
44.07,12244,
44.08,12236,
44.09,12231,
44.1,12220,
44.11,12216,
44.12,12204,
44.13,12197,
44.14,12187,
44.15,12182,
44.16,12175,
44.17,12168,
44.18,12165,
44.19,12161,
44.2,12160,
44.21,12157,
44.22,12156,
44.23,12159,
44.24,12155,
44.25,12156,
44.26,12158,
44.27,12161,
44.28,12161,
44.29,12166,
44.3,12167,
44.31,12169,
44.32,12172,
44.33,12172,
44.34,12172,
44.35,12180,
44.36,12175,
44.37,12177,
44.38,12175,
44.39,12171,
44.4,12166,
44.41,12168,
44.42,12165,
44.43,12167,
44.44,12165,
44.45,12164,
44.46,12163,
44.47,12160,
44.48,12162,
44.49,12166,
44.5,12166,
44.51,12166,
44.52,12171,
44.53,12168,
44.54,12176,
44.55,12178,
44.56,12179,
44.57,12181,
44.58,12183,
44.59,12184,
44.6,12185,
44.61,12192,
44.62,12193,
44.63,12197,
44.64,12199,
44.65,12197,
44.66,12207,
44.67,12208,
44.68,12207,
44.69,12210,
44.7,12212,
44.71,12213,
44.72,12216,
44.73,12218,
44.74,12218,
44.75,12220,
44.76,12223,
44.77,12221,
44.78,12225,
44.79,12228,
44.8,12227,
44.81,12228,
44.82,12234,
44.83,12233,
44.84,12234,
44.85,12237,
44.86,12238,
44.87,12240,
44.88,12236,
44.89,12230,
44.9,12229,
44.91,12216,
44.92,12207,
44.93,12199,
44.94,12191,
44.95,12184,
44.96,12177,
44.97,12169,
44.98,12164,
44.99,12163,
45,12160,
45.01,12159,
45.02,12158,
45.03,12160,
45.04,12160,
45.05,12161,
45.06,12164,
45.07,12161,
45.08,12160,
45.09,12166,
45.1,12168,
45.11,12172,
45.12,12173,
45.13,12172,
45.14,12175,
45.15,12177,
45.16,12176,
45.17,12175,
45.18,12177,
45.19,12171,
45.2,12176,
45.21,12171,
45.22,12172,
45.23,12166,
45.24,12166,
45.25,12169,
45.26,12165,
45.27,12165,
45.28,12164,
45.29,12165,
45.3,12167,
45.31,12172,
45.32,12173,
45.33,12173,
45.34,12179,
45.35,12177,
45.36,12181,
45.37,12179,
45.38,12187,
45.39,12187,
45.4,12188,
45.41,12193,
45.42,12196,
45.43,12198,
45.44,12200,
45.45,12206,
45.46,12205,
45.47,12209,
45.48,12208,
45.49,12215,
45.5,12212,
45.51,12216,
45.52,12219,
45.53,12219,
45.54,12220,
45.55,12222,
45.56,12226,
45.57,12227,
45.58,12227,
45.59,12230,
45.6,12233,
45.61,12233,
45.62,12235,
45.63,12236,
45.64,12240,
45.65,12243,
45.66,12241,
45.67,12250,
45.68,12247,
45.69,12253,
45.7,12255,
45.71,12253,
45.72,12254,
45.73,12257,
45.74,12253,
45.75,12248,
45.76,12238,
45.77,12232,
45.78,12226,
45.79,12216,
45.8,12209,
45.81,12199,
45.82,12193,
45.83,12190,
45.84,12185,
45.85,12182,
45.86,12178,
45.87,12181,
45.88,12179,
45.89,12181,
45.9,12179,
45.91,12182,
45.92,12181,
45.93,12185,
45.94,12187,
45.95,12186,
45.96,12193,
45.97,12195,
45.98,12198,
45.99,12201,
46,12204,
46.01,12205,
46.02,12201,
46.03,12200,
46.04,12204,
46.05,12199,
46.06,12199,
46.07,12199,
46.08,12199,
46.09,12200,
46.1,12198,
46.11,12195,
46.12,12197,
46.13,12192,
46.14,12193,
46.15,12195,
46.16,12192,
46.17,12196,
46.18,12202,
46.19,12201,
46.2,12207,
46.21,12208,
46.22,12210,
46.23,12213,
46.24,12216,
46.25,12216,
46.26,12220,
46.27,12220,
46.28,12224,
46.29,12228,
46.3,12226,
46.31,12234,
46.32,12234,
46.33,12238,
46.34,12239,
46.35,12242,
46.36,12242,
46.37,12248,
46.38,12247,
46.39,12247,
46.4,12251,
46.41,12254,
46.42,12255,
46.43,12258,
46.44,12262,
46.45,12258,
46.46,12261,
46.47,12263,
46.48,12265,
46.49,12267,
46.5,12269,
46.51,12274,
46.52,12271,
46.53,12275,
46.54,12279,
46.55,12282,
46.56,12280,
46.57,12282,
46.58,12286,
46.59,12285,
46.6,12282,
46.61,12277,
46.62,12274,
46.63,12268,
46.64,12261,
46.65,12254,
46.66,12243,
46.67,12236,
46.68,12234,
46.69,12224,
46.7,12222,
46.71,12225,
46.72,12216,
46.73,12221,
46.74,12216,
46.75,12219,
46.76,12216,
46.77,12218,
46.78,12218,
46.79,12221,
46.8,12226,
46.81,12226,
46.82,12230,
46.83,12233,
46.84,12235,
46.85,12239,
46.86,12241,
46.87,12241,
46.88,12242,
46.89,12238,
46.9,12241,
46.91,12240,
46.92,12240,
46.93,12236,
46.94,12236,
46.95,12236,
46.96,12234,
46.97,12232,
46.98,12234,
46.99,12232,
47,12233,
47.01,12236,
47.02,12234,
47.03,12236,
47.04,12239,
47.05,12239,
47.06,12240,
47.07,12242,
47.08,12244,
47.09,12245,
47.1,12252,
47.11,12255,
47.12,12255,
47.13,12257,
47.14,12257,
47.15,12260,
47.16,12265,
47.17,12267,
47.18,12267,
47.19,12267,
47.2,12273,
47.21,12272,
47.22,12274,
47.23,12277,
47.24,12275,
47.25,12283,
47.26,12285,
47.27,12286,
47.28,12287,
47.29,12289,
47.3,12289,
47.31,12292,
47.32,12293,
47.33,12298,
47.34,12296,
47.35,12299,
47.36,12301,
47.37,12303,
47.38,12303,
47.39,12299,
47.4,12295,
47.41,12294,
47.42,12292,
47.43,12286,
47.44,12276,
47.45,12267,
47.46,12262,
47.47,12256,
47.48,12249,
47.49,12248,
47.5,12243,
47.51,12238,
47.52,12234,
47.53,12236,
47.54,12237,
47.55,12241,
47.56,12240,
47.57,12241,
47.58,12241,
47.59,12244,
47.6,12247,
47.61,12248,
47.62,12253,
47.63,12256,
47.64,12259,
47.65,12261,
47.66,12263,
47.67,12264,
47.68,12265,
47.69,12264,
47.7,12260,
47.71,12260,
47.72,12256,
47.73,12260,
47.74,12256,
47.75,12256,
47.76,12254,
47.77,12256,
47.78,12254,
47.79,12254,
47.8,12258,
47.81,12258,
47.82,12256,
47.83,12258,
47.84,12263,
47.85,12261,
47.86,12267,
47.87,12266,
47.88,12267,
47.89,12269,
47.9,12275,
47.91,12275,
47.92,12279,
47.93,12279,
47.94,12280,
47.95,12285,
47.96,12289,
47.97,12288,
47.98,12289,
47.99,12291,
48,12297,
48.01,12297,
48.02,12299,
48.03,12301,
48.04,12303,
48.05,12305,
48.06,12305,
48.07,12305,
48.08,12310,
48.09,12313,
48.1,12311,
48.11,12313,
48.12,12317,
48.13,12319,
48.14,12324,
48.15,12322,
48.16,12321,
48.17,12324,
48.18,12320,
48.19,12319,
48.2,12312,
48.21,12313,
48.22,12303,
48.23,12294,
48.24,12288,
48.25,12280,
48.26,12273,
48.27,12268,
48.28,12260,
48.29,12262,
48.3,12254,
48.31,12250,
48.32,12246,
48.33,12250,
48.34,12247,
48.35,12246,
48.36,12247,
48.37,12250,
48.38,12254,
48.39,12252,
48.4,12258,
48.41,12258,
48.42,12259,
48.43,12261,
48.44,12265,
48.45,12264,
48.46,12268,
48.47,12267,
48.48,12268,
48.49,12265,
48.5,12265,
48.51,12266,
48.52,12260,
48.53,12262,
48.54,12260,
48.55,12258,
48.56,12253,
48.57,12254,
48.58,12254,
48.59,12252,
48.6,12254,
48.61,12252,
48.62,12261,
48.63,12255,
48.64,12258,
48.65,12262,
48.66,12263,
48.67,12265,
48.68,12263,
48.69,12271,
48.7,12271,
48.71,12273,
48.72,12275,
48.73,12278,
48.74,12280,
48.75,12284,
48.76,12285,
48.77,12287,
48.78,12288,
48.79,12287,
48.8,12289,
48.81,12291,
48.82,12299,
48.83,12296,
48.84,12296,
48.85,12300,
48.86,12302,
48.87,12302,
48.88,12306,
48.89,12303,
48.9,12304,
48.91,12310,
48.92,12310,
48.93,12310,
48.94,12314,
48.95,12318,
48.96,12318,
48.97,12315,
48.98,12316,
48.99,12313,
49,12314,
49.01,12308,
49.02,12303,
49.03,12291,
49.04,12285,
49.05,12281,
49.06,12272,
49.07,12267,
49.08,12257,
49.09,12254,
49.1,12250,
49.11,12247,
49.12,12245,
49.13,12244,
49.14,12242,
49.15,12241,
49.16,12244,
49.17,12240,
49.18,12245,
49.19,12244,
49.2,12247,
49.21,12247,
49.22,12252,
49.23,12254,
49.24,12255,
49.25,12259,
49.26,12255,
49.27,12258,
49.28,12261,
49.29,12260,
49.3,12256,
49.31,12256,
49.32,12256,
49.33,12250,
49.34,12254,
49.35,12249,
49.36,12245,
49.37,12246,
49.38,12247,
49.39,12246,
49.4,12245,
49.41,12250,
49.42,12247,
49.43,12249,
49.44,12252,
49.45,12251,
49.46,12254,
49.47,12257,
49.48,12259,
49.49,12261,
49.5,12262,
49.51,12263,
49.52,12266,
49.53,12270,
49.54,12274,
49.55,12271,
49.56,12277,
49.57,12278,
49.58,12282,
49.59,12284,
49.6,12283,
49.61,12288,
49.62,12289,
49.63,12291,
49.64,12295,
49.65,12292,
49.66,12293,
49.67,12293,
49.68,12293,
49.69,12296,
49.7,12296,
49.71,12299,
49.72,12304,
49.73,12306,
49.74,12303,
49.75,12307,
49.76,12308,
49.77,12307,
49.78,12314,
49.79,12311,
49.8,12312,
49.81,12314,
49.82,12300,
49.83,12299,
49.84,12295,
49.85,12285,
49.86,12282,
49.87,12271,
49.88,12264,
49.89,12259,
49.9,12252,
49.91,12248,
49.92,12246,
49.93,12244,
49.94,12242,
49.95,12241,
49.96,12242,
49.97,12244,
49.98,12243,
49.99,12244,
50,12243,
50.01,12246,
50.02,12247,
50.03,12249,
50.04,12251,
50.05,12254,
50.06,12254,
50.07,12258,
50.08,12258,
50.09,12256,
50.1,12255,
50.11,12254,
50.12,12255,
50.13,12250,
50.14,12252,
50.15,12255,
50.16,12246,
50.17,12248,
50.18,12249,
50.19,12243,
50.2,12246,
50.21,12243,
50.22,12245,
50.23,12244,
50.24,12249,
50.25,12251,
50.26,12249,
50.27,12252,
50.28,12252,
50.29,12256,
50.3,12259,
50.31,12260,
50.32,12262,
50.33,12266,
50.34,12266,
50.35,12268,
50.36,12272,
50.37,12273,
50.38,12275,
50.39,12277,
50.4,12277,
50.41,12278,
50.42,12285,
50.43,12282,
50.44,12286,
50.45,12287,
50.46,12285,
50.47,12291,
50.48,12292,
50.49,12293,
50.5,12297,
50.51,12296,
50.52,12295,
50.53,12300,
50.54,12297,
50.55,12301,
50.56,12302,
50.57,12304,
50.58,12302,
50.59,12308,
50.6,12307,
50.61,12304,
50.62,12305,
50.63,12296,
50.64,12293,
50.65,12286,
50.66,12278,
50.67,12270,
50.68,12264,
50.69,12259,
50.7,12255,
50.71,12244,
50.72,12246,
50.73,12247,
50.74,12244,
50.75,12241,
50.76,12238,
50.77,12240,
50.78,12239,
50.79,12244,
50.8,12245,
50.81,12246,
50.82,12248,
50.83,12250,
50.84,12251,
50.85,12256,
50.86,12255,
50.87,12258,
50.88,12255,
50.89,12258,
50.9,12257,
50.91,12256,
50.92,12256,
50.93,12252,
50.94,12250,
50.95,12255,
50.96,12246,
50.97,12249,
50.98,12244,
50.99,12247,
51,12248,
51.01,12247,
51.02,12246,
51.03,12244,
51.04,12248,
51.05,12248,
51.06,12253,
51.07,12250,
51.08,12252,
51.09,12253,
51.1,12259,
51.11,12260,
51.12,12263,
51.13,12262,
51.14,12264,
51.15,12269,
51.16,12271,
51.17,12276,
51.18,12276,
51.19,12276,
51.2,12277,
51.21,12283,
51.22,12279,
51.23,12284,
51.24,12286,
51.25,12287,
51.26,12290,
51.27,12290,
51.28,12293,
51.29,12291,
51.3,12291,
51.31,12297,
51.32,12294,
51.33,12299,
51.34,12300,
51.35,12300,
51.36,12299,
51.37,12295,
51.38,12295,
51.39,12288,
51.4,12283,
51.41,12275,
51.42,12269,
51.43,12259,
51.44,12258,
51.45,12249,
51.46,12240,
51.47,12240,
51.48,12231,
51.49,12231,
51.5,12231,
51.51,12232,
51.52,12227,
51.53,12226,
51.54,12224,
51.55,12224,
51.56,12226,
51.57,12229,
51.58,12229,
51.59,12233,
51.6,12233,
51.61,12233,
51.62,12235,
51.63,12236,
51.64,12235,
51.65,12235,
51.66,12232,
51.67,12234,
51.68,12231,
51.69,12226,
51.7,12229,
51.71,12225,
51.72,12225,
51.73,12225,
51.74,12226,
51.75,12224,
51.76,12227,
51.77,12225,
51.78,12229,
51.79,12227,
51.8,12224,
51.81,12228,
51.82,12233,
51.83,12234,
51.84,12236,
51.85,12235,
51.86,12241,
51.87,12241,
51.88,12246,
51.89,12242,
51.9,12245,
51.91,12251,
51.92,12254,
51.93,12251,
51.94,12259,
51.95,12258,
51.96,12260,
51.97,12260,
51.98,12263,
51.99,12264,
52,12264,
52.01,12271,
52.02,12269,
52.03,12272,
52.04,12273,
52.05,12276,
52.06,12277,
52.07,12278,
52.08,12279,
52.09,12281,
52.1,12280,
52.11,12279,
52.12,12280,
52.13,12281,
52.14,12276,
52.15,12269,
52.16,12264,
52.17,12257,
52.18,12248,
52.19,12247,
52.2,12237,
52.21,12232,
52.22,12225,
52.23,12221,
52.24,12217,
52.25,12213,
52.26,12207,
52.27,12202,
52.28,12209,
52.29,12205,
52.3,12206,
52.31,12207,
52.32,12206,
52.33,12209,
52.34,12210,
52.35,12213,
52.36,12215,
52.37,12217,
52.38,12214,
52.39,12218,
52.4,12215,
52.41,12217,
52.42,12216,
52.43,12212,
52.44,12213,
52.45,12217,
52.46,12212,
52.47,12208,
52.48,12207,
52.49,12210,
52.5,12204,
52.51,12205,
52.52,12205,
52.53,12208,
52.54,12207,
52.55,12202,
52.56,12207,
52.57,12205,
52.58,12213,
52.59,12213,
52.6,12211,
52.61,12215,
52.62,12216,
52.63,12219,
52.64,12223,
52.65,12224,
52.66,12230,
52.67,12227,
52.68,12228,
52.69,12231,
52.7,12234,
52.71,12232,
52.72,12233,
52.73,12237,
52.74,12242,
52.75,12242,
52.76,12243,
52.77,12242,
52.78,12245,
52.79,12247,
52.8,12246,
52.81,12249,
52.82,12246,
52.83,12250,
52.84,12251,
52.85,12254,
52.86,12256,
52.87,12260,
52.88,12259,
52.89,12261,
52.9,12262,
52.91,12261,
52.92,12257,
52.93,12255,
52.94,12250,
52.95,12240,
52.96,12238,
52.97,12226,
52.98,12221,
52.99,12216,
53,12210,
53.01,12203,
53.02,12194,
53.03,12193,
53.04,12190,
53.05,12187,
53.06,12187,
53.07,12187,
53.08,12185,
53.09,12188,
53.1,12185,
53.11,12191,
53.12,12188,
53.13,12189,
53.14,12194,
53.15,12200,
53.16,12195,
53.17,12200,
53.18,12197,
53.19,12200,
53.2,12197,
53.21,12198,
53.22,12197,
53.23,12196,
53.24,12198,
53.25,12193,
53.26,12190,
53.27,12193,
53.28,12184,
53.29,12190,
53.3,12190,
53.31,12188,
53.32,12186,
53.33,12191,
53.34,12187,
53.35,12192,
53.36,12194,
53.37,12193,
53.38,12197,
53.39,12197,
53.4,12201,
53.41,12201,
53.42,12203,
53.43,12207,
53.44,12213,
53.45,12211,
53.46,12215,
53.47,12216,
53.48,12216,
53.49,12219,
53.5,12216,
53.51,12223,
53.52,12225,
53.53,12226,
53.54,12229,
53.55,12230,
53.56,12232,
53.57,12230,
53.58,12232,
53.59,12237,
53.6,12233,
53.61,12239,
53.62,12238,
53.63,12242,
53.64,12241,
53.65,12238,
53.66,12246,
53.67,12251,
53.68,12249,
53.69,12246,
53.7,12251,
53.71,12255,
53.72,12254,
53.73,12252,
53.74,12245,
53.75,12244,
53.76,12237,
53.77,12230,
53.78,12220,
53.79,12213,
53.8,12207,
53.81,12201,
53.82,12195,
53.83,12188,
53.84,12189,
53.85,12184,
53.86,12186,
53.87,12183,
53.88,12182,
53.89,12184,
53.9,12183,
53.91,12182,
53.92,12182,
53.93,12187,
53.94,12185,
53.95,12190,
53.96,12194,
53.97,12193,
53.98,12196,
53.99,12195,
54,12193,
54.01,12196,
54.02,12196,
54.03,12197,
54.04,12193,
54.05,12190,
54.06,12190,
54.07,12186,
54.08,12185,
54.09,12184,
54.1,12183,
54.11,12186,
54.12,12184,
54.13,12184,
54.14,12184,
54.15,12187,
54.16,12185,
54.17,12187,
54.18,12188,
54.19,12195,
54.2,12193,
54.21,12198,
54.22,12203,
54.23,12199,
54.24,12205,
54.25,12206,
54.26,12203,
54.27,12211,
54.28,12213,
54.29,12212,
54.3,12216,
54.31,12215,
54.32,12217,
54.33,12223,
54.34,12224,
54.35,12225,
54.36,12227,
54.37,12224,
54.38,12229,
54.39,12227,
54.4,12229,
54.41,12232,
54.42,12235,
54.43,12233,
54.44,12235,
54.45,12236,
54.46,12240,
54.47,12241,
54.48,12241,
54.49,12247,
54.5,12246,
54.51,12246,
54.52,12242,
54.53,12240,
54.54,12239,
54.55,12231,
54.56,12223,
54.57,12222,
54.58,12209,
54.59,12204,
54.6,12197,
54.61,12189,
54.62,12187,
54.63,12183,
54.64,12183,
54.65,12182,
54.66,12178,
54.67,12177,
54.68,12183,
54.69,12183,
54.7,12182,
54.71,12182,
54.72,12185,
54.73,12183,
54.74,12191,
54.75,12192,
54.76,12196,
54.77,12194,
54.78,12198,
54.79,12200,
54.8,12197,
54.81,12198,
54.82,12195,
54.83,12195,
54.84,12195,
54.85,12192,
54.86,12192,
54.87,12186,
54.88,12188,
54.89,12185,
54.9,12187,
54.91,12186,
54.92,12187,
54.93,12191,
54.94,12191,
54.95,12190,
54.96,12193,
54.97,12193,
54.98,12197,
54.99,12194,
55,12200,
55.01,12202,
55.02,12202,
55.03,12207,
55.04,12207,
55.05,12207,
55.06,12208,
55.07,12217,
55.08,12219,
55.09,12218,
55.1,12223,
55.11,12220,
55.12,12222,
55.13,12225,
55.14,12225,
55.15,12229,
55.16,12228,
55.17,12231,
55.18,12234,
55.19,12233,
55.2,12235,
55.21,12234,
55.22,12235,
55.23,12237,
55.24,12237,
55.25,12239,
55.26,12244,
55.27,12245,
55.28,12240,
55.29,12241,
55.3,12235,
55.31,12229,
55.32,12220,
55.33,12217,
55.34,12203,
55.35,12197,
55.36,12188,
55.37,12177,
55.38,12171,
55.39,12165,
55.4,12161,
55.41,12156,
55.42,12153,
55.43,12154,
55.44,12149,
55.45,12153,
55.46,12148,
55.47,12151,
55.48,12149,
55.49,12154,
55.5,12152,
55.51,12159,
55.52,12154,
55.53,12154,
55.54,12156,
55.55,12156,
55.56,12160,
55.57,12164,
55.58,12158,
55.59,12158,
55.6,12155,
55.61,12152,
55.62,12152,
55.63,12149,
55.64,12150,
55.65,12148,
55.66,12144,
55.67,12143,
55.68,12141,
55.69,12144,
55.7,12141,
55.71,12144,
55.72,12144,
55.73,12146,
55.74,12146,
55.75,12147,
55.76,12153,
55.77,12152,
55.78,12156,
55.79,12157,
55.8,12159,
55.81,12162,
55.82,12166,
55.83,12167,
55.84,12170,
55.85,12170,
55.86,12173,
55.87,12174,
55.88,12174,
55.89,12180,
55.9,12182,
55.91,12183,
55.92,12181,
55.93,12190,
55.94,12187,
55.95,12187,
55.96,12191,
55.97,12194,
55.98,12190,
55.99,12200,
56,12198,
56.01,12199,
56.02,12203,
56.03,12206,
56.04,12206,
56.05,12207,
56.06,12209,
56.07,12210,
56.08,12208,
56.09,12210,
56.1,12202,
56.11,12197,
56.12,12189,
56.13,12183,
56.14,12176,
56.15,12167,
56.16,12160,
56.17,12153,
56.18,12145,
56.19,12139,
56.2,12131,
56.21,12133,
56.22,12132,
56.23,12129,
56.24,12127,
56.25,12125,
56.26,12126,
56.27,12126,
56.28,12130,
56.29,12130,
56.3,12130,
56.31,12133,
56.32,12134,
56.33,12140,
56.34,12141,
56.35,12140,
56.36,12141,
56.37,12141,
56.38,12142,
56.39,12142,
56.4,12136,
56.41,12133,
56.42,12134,
56.43,12135,
56.44,12129,
56.45,12129,
56.46,12131,
56.47,12128,
56.48,12126,
56.49,12127,
56.5,12128,
56.51,12131,
56.52,12133,
56.53,12131,
56.54,12134,
56.55,12136,
56.56,12136,
56.57,12139,
56.58,12143,
56.59,12149,
56.6,12148,
56.61,12148,
56.62,12156,
56.63,12152,
56.64,12158,
56.65,12161,
56.66,12159,
56.67,12164,
56.68,12166,
56.69,12170,
56.7,12173,
56.71,12171,
56.72,12173,
56.73,12175,
56.74,12178,
56.75,12176,
56.76,12179,
56.77,12187,
56.78,12188,
56.79,12189,
56.8,12191,
56.81,12188,
56.82,12193,
56.83,12195,
56.84,12200,
56.85,12200,
56.86,12204,
56.87,12202,
56.88,12202,
56.89,12198,
56.9,12194,
56.91,12185,
56.92,12181,
56.93,12176,
56.94,12163,
56.95,12157,
56.96,12152,
56.97,12149,
56.98,12140,
56.99,12133,
57,12132,
57.01,12131,
57.02,12128,
57.03,12127,
57.04,12125,
57.05,12124,
57.06,12127,
57.07,12130,
57.08,12126,
57.09,12134,
57.1,12135,
57.11,12137,
57.12,12143,
57.13,12141,
57.14,12146,
57.15,12148,
57.16,12143,
57.17,12148,
57.18,12141,
57.19,12144,
57.2,12141,
57.21,12139,
57.22,12138,
57.23,12138,
57.24,12135,
57.25,12134,
57.26,12135,
57.27,12135,
57.28,12139,
57.29,12141,
57.3,12141,
57.31,12135,
57.32,12142,
57.33,12146,
57.34,12147,
57.35,12148,
57.36,12153,
57.37,12155,
57.38,12153,
57.39,12159,
57.4,12163,
57.41,12162,
57.42,12165,
57.43,12168,
57.44,12171,
57.45,12171,
