0,14322,
0.02,14316,
0.04,14315,
0.06,14310,
0.08,14311,
0.1,14310,
0.12,14311,
0.14,14315,
0.16,14313,
0.18,14318,
0.2,14318,
0.22,14319,
0.24,14318,
0.26,14320,
0.28,14323,
0.3,14320,
0.32,14323,
0.34,14323,
0.36,14327,
0.38,14328,
0.4,14334,
0.42,14335,
0.44,14339,
0.46,14341,
0.48,14345,
0.5,14350,
0.52,14353,
0.54,14353,
0.56,14358,
0.58,14360,
0.6,14362,
0.62,14363,
0.64,14365,
0.66,14367,
0.68,14373,
0.7,14372,
0.72,14375,
0.74,14376,
0.76,14378,
0.78,14379,
0.8,14381,
0.82,14383,
0.84,14388,
0.86,14389,
0.88,14386,
0.9,14372,
0.92,14357,
0.94,14342,
0.96,14332,
0.98,14329,
1,14327,
1.02,14329,
1.04,14322,
1.06,14324,
1.08,14322,
1.1,14323,
1.12,14321,
1.14,14322,
1.16,14326,
1.18,14325,
1.2,14326,
1.22,14324,
1.24,14327,
1.26,14326,
1.28,14327,
1.3,14327,
1.32,14331,
1.34,14333,
1.36,14334,
1.38,14340,
1.4,14341,
1.42,14340,
1.44,14343,
1.46,14347,
1.48,14350,
1.5,14350,
1.52,14353,
1.54,14353,
1.56,14357,
1.58,14362,
1.6,14361,
1.62,14363,
1.64,14368,
1.66,14367,
1.68,14372,
1.7,14377,
1.72,14378,
1.74,14377,
1.76,14382,
1.78,14385,
1.8,14389,
1.82,14390,
1.84,14392,
1.86,14397,
1.88,14393,
1.9,14386,
1.92,14374,
1.94,14354,
1.96,14345,
1.98,14338,
2,14336,
2.02,14334,
2.04,14334,
2.06,14333,
2.08,14331,
2.1,14331,
2.12,14331,
2.14,14331,
2.16,14331,
2.18,14333,
2.2,14334,
2.22,14334,
2.24,14332,
2.26,14332,
2.28,14334,
2.3,14336,
2.32,14340,
2.34,14341,
2.36,14344,
2.38,14350,
2.4,14351,
2.42,14352,
2.44,14356,
2.46,14359,
2.48,14358,
2.5,14361,
2.52,14365,
2.54,14368,
2.56,14369,
2.58,14373,
2.6,14371,
2.62,14375,
2.64,14379,
2.66,14380,
2.68,14385,
2.7,14387,
2.72,14387,
2.74,14391,
2.76,14392,
2.78,14393,
2.8,14394,
2.82,14392,
2.84,14379,
2.86,14367,
2.88,14357,
2.9,14352,
2.92,14347,
2.94,14347,
2.96,14344,
2.98,14348,
3,14345,
3.02,14344,
3.04,14347,
3.06,14348,
3.08,14348,
3.1,14350,
3.12,14350,
3.14,14351,
3.16,14347,
3.18,14351,
3.2,14350,
3.22,14351,
3.24,14358,
3.26,14357,
3.28,14359,
3.3,14367,
3.32,14369,
3.34,14373,
3.36,14377,
3.38,14382,
3.4,14387,
3.42,14387,
3.44,14392,
3.46,14395,
3.48,14396,
3.5,14400,
3.52,14403,
3.54,14404,
3.56,14411,
3.58,14412,
3.6,14415,
3.62,14420,
3.64,14419,
3.66,14420,
3.68,14415,
3.7,14409,
3.72,14392,
3.74,14377,
3.76,14370,
3.78,14367,
3.8,14364,
3.82,14363,
3.84,14361,
3.86,14362,
3.88,14359,
3.9,14360,
3.92,14360,
3.94,14361,
3.96,14363,
3.98,14363,
4,14362,
4.02,14363,
4.04,14366,
4.06,14364,
4.08,14367,
4.1,14368,
4.12,14372,
4.14,14377,
4.16,14381,
4.18,14383,
4.2,14387,
4.22,14393,
4.24,14391,
4.26,14394,
4.28,14397,
4.3,14400,
4.32,14402,
4.34,14405,
4.36,14409,
4.38,14411,
4.4,14411,
4.42,14414,
4.44,14414,
4.46,14419,
4.48,14420,
4.5,14422,
4.52,14425,
4.54,14430,
4.56,14432,
4.58,14435,
4.6,14441,
4.62,14438,
4.64,14434,
4.66,14423,
4.68,14405,
4.7,14388,
4.72,14384,
4.74,14380,
4.76,14377,
4.78,14373,
4.8,14371,
4.82,14373,
4.84,14370,
4.86,14370,
4.88,14372,
4.9,14374,
4.92,14372,
4.94,14377,
4.96,14374,
4.98,14375,
5,14374,
5.02,14374,
5.04,14376,
5.06,14376,
5.08,14379,
5.1,14384,
5.12,14382,
5.14,14387,
5.16,14392,
5.18,14393,
5.2,14394,
5.22,14395,
5.24,14401,
5.26,14400,
5.28,14403,
5.3,14404,
5.32,14405,
5.34,14408,
5.36,14410,
5.38,14412,
5.4,14414,
5.42,14418,
5.44,14418,
5.46,14424,
5.48,14424,
5.5,14427,
5.52,14429,
5.54,14434,
5.56,14431,
5.58,14423,
5.6,14411,
5.62,14398,
5.64,14387,
5.66,14380,
5.68,14379,
5.7,14384,
5.72,14380,
5.74,14377,
5.76,14376,
5.78,14376,
5.8,14377,
5.82,14381,
5.84,14380,
5.86,14380,
5.88,14378,
5.9,14375,
5.92,14379,
5.94,14378,
5.96,14382,
5.98,14385,
6,14387,
6.02,14390,
6.04,14394,
6.06,14396,
6.08,14400,
6.1,14401,
6.12,14404,
6.14,14408,
6.16,14409,
6.18,14414,
6.2,14416,
6.22,14415,
6.24,14419,
6.26,14423,
6.28,14427,
6.3,14428,
6.32,14428,
6.34,14434,
6.36,14435,
6.38,14433,
6.4,14438,
6.42,14426,
6.44,14408,
6.46,14396,
6.48,14386,
6.5,14380,
6.52,14379,
6.54,14377,
6.56,14374,
6.58,14372,
6.6,14371,
6.62,14371,
6.64,14373,
6.66,14374,
6.68,14377,
6.7,14378,
6.72,14377,
6.74,14378,
6.76,14382,
6.78,14383,
6.8,14382,
6.82,14384,
6.84,14388,
6.86,14393,
6.88,14396,
6.9,14395,
6.92,14399,
6.94,14401,
6.96,14405,
6.98,14410,
7,14412,
7.02,14412,
7.04,14413,
7.06,14417,
7.08,14419,
7.1,14425,
7.12,14424,
7.14,14425,
7.16,14425,
7.18,14427,
7.2,14427,
7.22,14429,
7.24,14431,
7.26,14431,
7.28,14434,
7.3,14441,
7.32,14440,
7.34,14431,
7.36,14419,
7.38,14403,
7.4,14391,
7.42,14387,
7.44,14383,
7.46,14383,
7.48,14383,
7.5,14381,
7.52,14379,
7.54,14380,
7.56,14378,
7.58,14380,
7.6,14378,
7.62,14376,
7.64,14379,
7.66,14385,
7.68,14385,
7.7,14386,
7.72,14388,
7.74,14390,
7.76,14391,
7.78,14395,
7.8,14397,
7.82,14400,
7.84,14402,
7.86,14403,
7.88,14410,
7.9,14413,
7.92,14415,
7.94,14418,
7.96,14421,
7.98,14426,
8,14428,
8.02,14433,
8.04,14436,
8.06,14443,
8.08,14442,
8.1,14446,
8.12,14451,
8.14,14454,
8.16,14458,
8.18,14466,
8.2,14462,
8.22,14469,
8.24,14472,
8.26,14473,
8.28,14475,
8.3,14475,
8.32,14466,
8.34,14451,
8.36,14435,
8.38,14424,
8.4,14420,
8.42,14411,
8.44,14409,
8.46,14408,
8.48,14408,
8.5,14409,
8.52,14407,
8.54,14408,
8.56,14407,
8.58,14407,
8.6,14408,
8.62,14410,
8.64,14407,
8.66,14409,
8.68,14408,
8.7,14411,
8.72,14409,
8.74,14414,
8.76,14415,
8.78,14416,
8.8,14420,
8.82,14424,
8.84,14426,
8.86,14430,
8.88,14431,
8.9,14434,
8.92,14439,
8.94,14443,
8.96,14445,
8.98,14449,
9,14449,
9.02,14451,
9.04,14455,
9.06,14458,
9.08,14461,
9.1,14462,
9.12,14464,
9.14,14468,
9.16,14472,
9.18,14472,
9.2,14475,
9.22,14476,
9.24,14476,
9.26,14465,
9.28,14453,
9.3,14444,
9.32,14431,
9.34,14429,
9.36,14428,
9.38,14427,
9.4,14428,
9.42,14428,
9.44,14427,
9.46,14430,
9.48,14431,
9.5,14432,
9.52,14434,
9.54,14434,
9.56,14435,
9.58,14434,
9.6,14434,
9.62,14436,
9.64,14436,
9.66,14439,
9.68,14442,
9.7,14444,
9.72,14448,
9.74,14450,
9.76,14451,
9.78,14453,
9.8,14455,
9.82,14461,
9.84,14465,
9.86,14466,
9.88,14467,
9.9,14467,
9.92,14471,
9.94,14474,
9.96,14478,
9.98,14478,
10,14481,
10.02,14478,
10.04,14473,
10.06,14460,
10.08,14449,
10.1,14440,
10.12,14435,
10.14,14433,
10.16,14433,
10.18,14432,
10.2,14434,
10.22,14433,
10.24,14434,
10.26,14435,
10.28,14439,
10.3,14441,
10.32,14442,
10.34,14448,
10.36,14445,
10.38,14448,
10.4,14454,
10.42,14453,
10.44,14458,
10.46,14463,
10.48,14466,
10.5,14470,
10.52,14471,
10.54,14476,
10.56,14479,
10.58,14483,
10.6,14485,
10.62,14490,
10.64,14493,
10.66,14493,
10.68,14498,
10.7,14502,
10.72,14505,
10.74,14506,
10.76,14509,
10.78,14512,
10.8,14512,
10.82,14507,
10.84,14499,
10.86,14483,
10.88,14467,
10.9,14457,
10.92,14451,
10.94,14450,
10.96,14447,
10.98,14447,
11,14446,
11.02,14447,
11.04,14444,
11.06,14442,
11.08,14447,
11.1,14444,
11.12,14445,
11.14,14447,
11.16,14450,
11.18,14446,
11.2,14451,
11.22,14453,
11.24,14453,
11.26,14457,
11.28,14461,
11.3,14462,
11.32,14466,
11.34,14469,
11.36,14473,
11.38,14476,
11.4,14478,
11.42,14482,
11.44,14483,
11.46,14484,
11.48,14490,
11.5,14492,
11.52,14493,
11.54,14499,
11.56,14501,
11.58,14502,
11.6,14505,
11.62,14506,
11.64,14500,
11.66,14489,
11.68,14472,
11.7,14463,
11.72,14456,
11.74,14450,
11.76,14449,
11.78,14449,
11.8,14446,
11.82,14445,
11.84,14442,
11.86,14444,
11.88,14444,
11.9,14448,
11.92,14447,
11.94,14448,
11.96,14451,
11.98,14451,
12,14452,
12.02,14452,
12.04,14451,
12.06,14454,
12.08,14460,
12.1,14461,
12.12,14466,
12.14,14467,
12.16,14471,
12.18,14470,
12.2,14474,
12.22,14476,
12.24,14480,
12.26,14483,
12.28,14485,
12.3,14487,
12.32,14487,
12.34,14492,
12.36,14493,
12.38,14495,
12.4,14499,
12.42,14500,
12.44,14504,
12.46,14503,
12.48,14502,
12.5,14496,
12.52,14484,
12.54,14468,
12.56,14460,
12.58,14453,
12.6,14447,
12.62,14441,
12.64,14439,
12.66,14438,
12.68,14439,
12.7,14437,
12.72,14434,
12.74,14436,
12.76,14437,
12.78,14436,
12.8,14436,
12.82,14436,
12.84,14436,
12.86,14440,
12.88,14439,
12.9,14443,
12.92,14446,
12.94,14446,
12.96,14450,
12.98,14451,
13,14451,
13.02,14455,
13.04,14456,
13.06,14458,
13.08,14460,
13.1,14462,
13.12,14466,
13.14,14465,
13.16,14466,
13.18,14470,
13.2,14473,
13.22,14473,
13.24,14476,
13.26,14479,
13.28,14480,
13.3,14474,
13.32,14460,
13.34,14450,
13.36,14443,
13.38,14438,
13.4,14435,
13.42,14435,
13.44,14435,
13.46,14437,
13.48,14435,
13.5,14435,
13.52,14438,
13.54,14438,
13.56,14443,
13.58,14443,
13.6,14443,
13.62,14442,
13.64,14441,
13.66,14444,
13.68,14446,
13.7,14450,
13.72,14450,
13.74,14453,
13.76,14453,
13.78,14459,
13.8,14461,
13.82,14466,
13.84,14466,
13.86,14473,
13.88,14473,
13.9,14476,
13.92,14481,
13.94,14481,
13.96,14487,
13.98,14485,
14,14489,
14.02,14493,
14.04,14496,
14.06,14499,
14.08,14495,
14.1,14483,
14.12,14467,
14.14,14457,
14.16,14448,
14.18,14444,
14.2,14440,
14.22,14439,
14.24,14437,
14.26,14437,
14.28,14436,
14.3,14436,
14.32,14435,
14.34,14437,
14.36,14437,
14.38,14437,
14.4,14436,
14.42,14434,
14.44,14438,
14.46,14437,
14.48,14437,
14.5,14440,
14.52,14442,
14.54,14443,
14.56,14445,
14.58,14452,
14.6,14453,
14.62,14457,
14.64,14455,
14.66,14459,
14.68,14462,
14.7,14463,
14.72,14467,
14.74,14472,
14.76,14470,
14.78,14474,
14.8,14478,
14.82,14478,
14.84,14483,
14.86,14487,
14.88,14491,
14.9,14493,
14.92,14492,
14.94,14486,
14.96,14475,
14.98,14459,
15,14449,
15.02,14441,
15.04,14438,
15.06,14436,
15.08,14429,
15.1,14434,
15.12,14429,
15.14,14427,
15.16,14426,
15.18,14432,
15.2,14429,
15.22,14433,
15.24,14434,
15.26,14434,
15.28,14433,
15.3,14436,
15.32,14434,
15.34,14432,
15.36,14434,
15.38,14436,
15.4,14434,
15.42,14435,
15.44,14437,
15.46,14439,
15.48,14442,
15.5,14445,
15.52,14447,
15.54,14450,
15.56,14454,
15.58,14454,
15.6,14455,
15.62,14458,
15.64,14463,
15.66,14467,
15.68,14469,
15.7,14472,
15.72,14470,
15.74,14475,
15.76,14479,
15.78,14483,
15.8,14484,
15.82,14485,
15.84,14487,
15.86,14483,
15.88,14469,
15.9,14456,
15.92,14447,
15.94,14435,
15.96,14435,
15.98,14432,
16,14433,
16.02,14430,
16.04,14429,
16.06,14428,
16.08,14428,
16.1,14431,
16.12,14432,
16.14,14432,
16.16,14432,
16.18,14432,
16.2,14432,
16.22,14431,
16.24,14435,
16.26,14435,
16.28,14437,
16.3,14441,
16.32,14442,
16.34,14444,
16.36,14448,
16.38,14448,
16.4,14455,
16.42,14453,
16.44,14457,
16.46,14456,
16.48,14459,
16.5,14463,
16.52,14463,
16.54,14463,
16.56,14469,
16.58,14473,
16.6,14473,
16.62,14479,
16.64,14478,
16.66,14481,
16.68,14481,
16.7,14476,
16.72,14460,
16.74,14451,
16.76,14440,
16.78,14435,
16.8,14434,
16.82,14432,
16.84,14431,
16.86,14430,
16.88,14431,
16.9,14432,
16.92,14431,
16.94,14433,
16.96,14435,
16.98,14438,
17,14440,
17.02,14437,
17.04,14440,
17.06,14441,
17.08,14445,
17.1,14447,
17.12,14451,
17.14,14453,
17.16,14458,
17.18,14461,
17.2,14468,
17.22,14469,
17.24,14467,
17.26,14472,
17.28,14476,
17.3,14480,
17.32,14480,
17.34,14482,
17.36,14483,
17.38,14486,
17.4,14487,
17.42,14489,
17.44,14496,
17.46,14506,
17.48,14508,
17.5,14514,
17.52,14518,
17.54,14515,
17.56,14511,
17.58,14496,
17.6,14479,
17.62,14470,
17.64,14466,
17.66,14466,
17.68,14463,
17.7,14460,
17.72,14457,
17.74,14456,
17.76,14454,
17.78,14455,
17.8,14459,
17.82,14459,
17.84,14458,
17.86,14457,
17.88,14457,
17.9,14457,
17.92,14458,
17.94,14458,
17.96,14458,
17.98,14463,
18,14461,
18.02,14463,
18.04,14464,
18.06,14465,
18.08,14466,
18.1,14466,
18.12,14467,
18.14,14468,
18.16,14466,
18.18,14471,
18.2,14469,
18.22,14472,
18.24,14474,
18.26,14475,
18.28,14477,
18.3,14481,
18.32,14484,
18.34,14489,
18.36,14495,
18.38,14494,
18.4,14500,
18.42,14502,
18.44,14507,
18.46,14499,
18.48,14487,
18.5,14475,
18.52,14467,
18.54,14461,
18.56,14458,
18.58,14455,
18.6,14454,
18.62,14452,
18.64,14452,
18.66,14450,
18.68,14451,
18.7,14449,
18.72,14450,
18.74,14450,
18.76,14452,
18.78,14453,
18.8,14453,
18.82,14453,
18.84,14452,
18.86,14458,
18.88,14461,
18.9,14460,
18.92,14461,
18.94,14463,
18.96,14467,
18.98,14470,
19,14473,
19.02,14478,
19.04,14481,
19.06,14482,
19.08,14486,
19.1,14488,
19.12,14488,
19.14,14488,
19.16,14490,
19.18,14495,
19.2,14495,
19.22,14501,
19.24,14499,
19.26,14502,
19.28,14506,
19.3,14505,
19.32,14502,
19.34,14491,
19.36,14481,
19.38,14470,
19.4,14463,
19.42,14455,
19.44,14453,
19.46,14452,
19.48,14451,
19.5,14450,
19.52,14450,
19.54,14452,
19.56,14450,
19.58,14451,
19.6,14453,
19.62,14455,
19.64,14451,
19.66,14453,
19.68,14456,
19.7,14453,
19.72,14456,
19.74,14458,
19.76,14458,
19.78,14461,
19.8,14463,
19.82,14469,
19.84,14472,
19.86,14476,
19.88,14475,
19.9,14479,
19.92,14483,
19.94,14486,
19.96,14489,
19.98,14492,
20,14493,
20.02,14499,
20.04,14501,
20.06,14503,
20.08,14504,
20.1,14499,
20.12,14484,
20.14,14472,
20.16,14458,
20.18,14451,
20.2,14449,
20.22,14446,
20.24,14442,
20.26,14441,
20.28,14437,
20.3,14439,
20.32,14443,
20.34,14441,
20.36,14443,
20.38,14445,
20.4,14448,
20.42,14445,
20.44,14445,
20.46,14445,
20.48,14446,
20.5,14448,
20.52,14452,
20.54,14454,
20.56,14459,
20.58,14461,
20.6,14462,
20.62,14468,
20.64,14469,
20.66,14472,
20.68,14474,
20.7,14476,
20.72,14480,
20.74,14485,
20.76,14487,
20.78,14487,
20.8,14492,
20.82,14495,
20.84,14497,
20.86,14501,
20.88,14504,
20.9,14506,
20.92,14507,
20.94,14497,
20.96,14484,
20.98,14471,
21,14462,
21.02,14457,
21.04,14452,
21.06,14448,
21.08,14447,
21.1,14445,
21.12,14442,
21.14,14440,
21.16,14437,
21.18,14441,
21.2,14440,
21.22,14441,
21.24,14443,
21.26,14441,
21.28,14442,
21.3,14443,
21.32,14446,
21.34,14447,
21.36,14449,
21.38,14454,
21.4,14457,
21.42,14462,
21.44,14462,
21.46,14466,
21.48,14470,
21.5,14473,
21.52,14472,
21.54,14480,
21.56,14485,
21.58,14488,
21.6,14491,
21.62,14492,
21.64,14493,
21.66,14500,
21.68,14503,
21.7,14505,
21.72,14509,
21.74,14512,
21.76,14514,
21.78,14512,
21.8,14501,
21.82,14488,
21.84,14473,
21.86,14467,
21.88,14461,
21.9,14462,
21.92,14458,
21.94,14456,
21.96,14453,
21.98,14452,
22,14455,
22.02,14457,
22.04,14454,
22.06,14456,
22.08,14457,
22.1,14456,
22.12,14454,
22.14,14456,
22.16,14458,
22.18,14459,
22.2,14458,
22.22,14466,
22.24,14468,
22.26,14473,
22.28,14472,
22.3,14475,
22.32,14479,
22.34,14478,
22.36,14480,
22.38,14485,
22.4,14486,
22.42,14488,
22.44,14489,
22.46,14491,
22.48,14491,
22.5,14495,
22.52,14496,
22.54,14499,
22.56,14500,
22.58,14504,
22.6,14510,
22.62,14510,
22.64,14510,
22.66,14505,
22.68,14491,
22.7,14480,
22.72,14470,
22.74,14462,
22.76,14458,
22.78,14458,
22.8,14453,
22.82,14453,
22.84,14454,
22.86,14453,
22.88,14451,
22.9,14456,
22.92,14457,
22.94,14456,
22.96,14455,
22.98,14454,
23,14457,
23.02,14457,
23.04,14458,
23.06,14460,
23.08,14461,
23.1,14463,
23.12,14466,
23.14,14467,
23.16,14472,
23.18,14474,
23.2,14475,
23.22,14479,
23.24,14482,
23.26,14482,
23.28,14483,
23.3,14488,
23.32,14491,
23.34,14494,
23.36,14496,
23.38,14497,
23.4,14502,
23.42,14501,
23.44,14495,
23.46,14486,
23.48,14473,
23.5,14466,
23.52,14457,
23.54,14455,
23.56,14451,
23.58,14453,
23.6,14449,
23.62,14448,
23.64,14453,
23.66,14453,
23.68,14456,
23.7,14457,
23.72,14456,
23.74,14458,
23.76,14457,
23.78,14461,
23.8,14463,
23.82,14464,
23.84,14467,
23.86,14473,
23.88,14475,
23.9,14483,
23.92,14487,
23.94,14490,
23.96,14496,
23.98,14498,
24,14503,
24.02,14505,
24.04,14506,
24.06,14510,
24.08,14514,
24.1,14514,
24.12,14514,
24.14,14518,
24.16,14519,
24.18,14522,
24.2,14527,
24.22,14527,
24.24,14519,
24.26,14509,
24.28,14493,
24.3,14482,
24.32,14473,
24.34,14471,
24.36,14463,
24.38,14461,
24.4,14461,
24.42,14459,
24.44,14458,
24.46,14455,
24.48,14456,
24.5,14455,
24.52,14459,
24.54,14456,
24.56,14459,
24.58,14458,
24.6,14460,
24.62,14461,
24.64,14465,
24.66,14466,
24.68,14467,
24.7,14471,
24.72,14475,
24.74,14479,
24.76,14478,
24.78,14482,
24.8,14485,
24.82,14490,
24.84,14492,
24.86,14494,
24.88,14497,
24.9,14501,
24.92,14504,
24.94,14505,
24.96,14509,
24.98,14510,
25,14515,
25.02,14517,
25.04,14518,
25.06,14523,
25.08,14524,
25.1,14514,
25.12,14501,
25.14,14490,
25.16,14480,
25.18,14475,
25.2,14470,
25.22,14470,
25.24,14466,
25.26,14466,
25.28,14459,
25.3,14463,
25.32,14462,
25.34,14465,
25.36,14463,
25.38,14466,
25.4,14465,
25.42,14468,
25.44,14465,
25.46,14464,
25.48,14469,
25.5,14467,
25.52,14472,
25.54,14474,
25.56,14475,
25.58,14478,
25.6,14484,
25.62,14485,
25.64,14487,
25.66,14489,
25.68,14491,
25.7,14495,
25.72,14495,
25.74,14498,
25.76,14501,
25.78,14502,
25.8,14505,
25.82,14508,
25.84,14511,
25.86,14514,
25.88,14512,
25.9,14504,
25.92,14493,
25.94,14479,
25.96,14473,
25.98,14469,
26,14465,
26.02,14463,
26.04,14463,
26.06,14462,
26.08,14465,
26.1,14465,
26.12,14467,
26.14,14468,
26.16,14467,
26.18,14468,
26.2,14470,
26.22,14467,
26.24,14473,
26.26,14469,
26.28,14472,
26.3,14475,
26.32,14476,
26.34,14478,
26.36,14482,
26.38,14484,
26.4,14487,
26.42,14491,
26.44,14494,
26.46,14499,
26.48,14502,
26.5,14506,
26.52,14511,
26.54,14513,
26.56,14518,
26.58,14521,
26.6,14525,
26.62,14529,
26.64,14529,
26.66,14535,
26.68,14539,
26.7,14540,
26.72,14538,
26.74,14528,
26.76,14511,
26.78,14499,
26.8,14489,
26.82,14484,
26.84,14482,
26.86,14482,
26.88,14478,
26.9,14478,
26.92,14477,
26.94,14474,
26.96,14475,
26.98,14477,
27,14478,
27.02,14476,
27.04,14480,
27.06,14478,
27.08,14477,
27.1,14479,
27.12,14480,
27.14,14482,
27.16,14482,
27.18,14481,
27.2,14485,
27.22,14483,
27.24,14482,
27.26,14484,
27.28,14484,
27.3,14489,
27.32,14490,
27.34,14494,
27.36,14495,
27.38,14501,
27.4,14506,
27.42,14507,
27.44,14507,
27.46,14511,
27.48,14509,
27.5,14514,
27.52,14516,
27.54,14519,
27.56,14524,
27.58,14526,
27.6,14522,
27.62,14513,
27.64,14500,
27.66,14490,
27.68,14487,
27.7,14480,
27.72,14477,
27.74,14476,
27.76,14473,
27.78,14476,
27.8,14472,
27.82,14469,
27.84,14471,
27.86,14469,
27.88,14472,
27.9,14470,
27.92,14473,
27.94,14475,
27.96,14473,
27.98,14475,
28,14477,
28.02,14479,
28.04,14482,
28.06,14483,
28.08,14487,
28.1,14487,
28.12,14494,
28.14,14496,
28.16,14499,
28.18,14501,
28.2,14506,
28.22,14506,
28.24,14509,
28.26,14511,
28.28,14512,
28.3,14514,
28.32,14519,
28.34,14522,
28.36,14522,
28.38,14524,
28.4,14528,
28.42,14531,
28.44,14533,
28.46,14521,
28.48,14506,
28.5,14497,
28.52,14488,
28.54,14480,
28.56,14479,
28.58,14474,
28.6,14474,
28.62,14476,
28.64,14476,
28.66,14476,
28.68,14477,
28.7,14478,
28.72,14480,
28.74,14479,
28.76,14479,
28.78,14481,
28.8,14479,
28.82,14480,
28.84,14484,
28.86,14483,
28.88,14484,
28.9,14490,
28.92,14493,
28.94,14497,
28.96,14501,
28.98,14505,
29,14507,
29.02,14511,
29.04,14515,
29.06,14516,
29.08,14518,
29.1,14523,
29.12,14526,
29.14,14530,
29.16,14528,
29.18,14534,
29.2,14530,
29.22,14525,
29.24,14512,
29.26,14501,
29.28,14493,
29.3,14486,
29.32,14486,
29.34,14484,
29.36,14484,
29.38,14485,
29.4,14483,
29.42,14487,
29.44,14487,
29.46,14491,
29.48,14491,
29.5,14492,
29.52,14495,
29.54,14496,
29.56,14496,
29.58,14498,
29.6,14498,
29.62,14503,
29.64,14507,
29.66,14511,
29.68,14514,
29.7,14518,
29.72,14521,
29.74,14524,
29.76,14526,
29.78,14529,
29.8,14530,
29.82,14534,
29.84,14537,
29.86,14542,
29.88,14541,
29.9,14549,
29.92,14552,
29.94,14552,
29.96,14554,
29.98,14543,
30,14527,
30.02,14515,
30.04,14505,
30.06,14497,
30.08,14495,
30.1,14494,
30.12,14492,
30.14,14487,
30.16,14489,
30.18,14483,
30.2,14486,
30.22,14484,
30.24,14487,
30.26,14488,
30.28,14486,
30.3,14485,
30.32,14488,
30.34,14487,
30.36,14488,
30.38,14489,
30.4,14491,
30.42,14494,
30.44,14499,
30.46,14503,
30.48,14504,
30.5,14507,
30.52,14511,
30.54,14511,
30.56,14516,
30.58,14519,
30.6,14522,
30.62,14523,
30.64,14522,
30.66,14528,
30.68,14529,
30.7,14531,
30.72,14537,
30.74,14537,
30.76,14539,
30.78,14532,
30.8,14520,
30.82,14507,
30.84,14498,
30.86,14488,
30.88,14486,
30.9,14481,
30.92,14482,
30.94,14476,
30.96,14476,
30.98,14473,
31,14471,
31.02,14470,
31.04,14472,
31.06,14473,
31.08,14470,
31.1,14467,
31.12,14470,
31.14,14468,
31.16,14471,
31.18,14473,
31.2,14475,
31.22,14480,
31.24,14482,
31.26,14485,
31.28,14488,
31.3,14490,
31.32,14493,
31.34,14494,
31.36,14500,
31.38,14501,
31.4,14505,
31.42,14508,
31.44,14509,
31.46,14513,
31.48,14516,
31.5,14521,
31.52,14525,
31.54,14526,
31.56,14529,
31.58,14531,
31.6,14537,
31.62,14541,
31.64,14540,
31.66,14538,
31.68,14524,
31.7,14508,
31.72,14499,
31.74,14490,
31.76,14485,
31.78,14476,
31.8,14475,
31.82,14472,
31.84,14471,
31.86,14469,
31.88,14466,
31.9,14465,
31.92,14465,
31.94,14467,
31.96,14466,
31.98,14466,
32,14464,
32.02,14464,
32.04,14467,
32.06,14468,
32.08,14470,
32.1,14474,
32.12,14474,
32.14,14478,
32.16,14483,
32.18,14485,
32.2,14485,
32.22,14487,
32.24,14492,
32.26,14491,
32.28,14495,
32.3,14498,
32.32,14500,
32.34,14501,
32.36,14503,
32.38,14506,
32.4,14512,
32.42,14514,
32.44,14517,
32.46,14514,
32.48,14511,
32.5,14500,
32.52,14487,
32.54,14481,
32.56,14472,
32.58,14466,
32.6,14468,
32.62,14462,
32.64,14462,
32.66,14464,
32.68,14461,
32.7,14461,
32.72,14461,
32.74,14459,
32.76,14464,
32.78,14461,
32.8,14459,
32.82,14463,
32.84,14463,
32.86,14465,
32.88,14465,
32.9,14471,
32.92,14472,
32.94,14475,
32.96,14476,
32.98,14483,
33,14484,
33.02,14488,
33.04,14490,
33.06,14492,
33.08,14498,
33.1,14499,
33.12,14502,
33.14,14507,
33.16,14512,
33.18,14517,
33.2,14520,
33.22,14525,
33.24,14520,
33.26,14515,
33.28,14505,
33.3,14491,
33.32,14481,
33.34,14477,
33.36,14473,
33.38,14472,
33.4,14468,
33.42,14463,
33.44,14465,
33.46,14465,
33.48,14467,
33.5,14470,
33.52,14471,
33.54,14474,
33.56,14474,
33.58,14473,
33.6,14475,
33.62,14477,
33.64,14475,
33.66,14480,
33.68,14481,
33.7,14483,
33.72,14487,
33.74,14489,
33.76,14493,
33.78,14495,
33.8,14500,
33.82,14500,
33.84,14502,
33.86,14506,
33.88,14508,
33.9,14509,
33.92,14509,
33.94,14513,
33.96,14511,
33.98,14517,
34,14519,
34.02,14520,
34.04,14523,
34.06,14528,
34.08,14523,
34.1,14513,
34.12,14498,
34.14,14484,
34.16,14475,
34.18,14468,
34.2,14461,
34.22,14460,
34.24,14455,
34.26,14448,
34.28,14447,
34.3,14444,
34.32,14442,
34.34,14444,
34.36,14442,
34.38,14443,
34.4,14445,
34.42,14444,
34.44,14446,
34.46,14448,
34.48,14449,
34.5,14450,
34.52,14454,
34.54,14458,
34.56,14459,
34.58,14467,
34.6,14465,
34.62,14470,
34.64,14475,
34.66,14477,
34.68,14482,
34.7,14486,
34.72,14488,
34.74,14491,
34.76,14494,
34.78,14502,
34.8,14503,
34.82,14509,
34.84,14511,
34.86,14515,
34.88,14519,
34.9,14523,
34.92,14532,
34.94,14532,
34.96,14528,
34.98,14515,
35,14501,
35.02,14492,
35.04,14480,
35.06,14475,
35.08,14471,
35.1,14467,
35.12,14463,
35.14,14464,
35.16,14461,
35.18,14459,
35.2,14460,
35.22,14458,
35.24,14459,
35.26,14460,
35.28,14461,
35.3,14459,
35.32,14458,
35.34,14456,
35.36,14459,
35.38,14462,
35.4,14461,
35.42,14463,
35.44,14469,
35.46,14472,
35.48,14473,
35.5,14476,
35.52,14479,
35.54,14477,
35.56,14482,
35.58,14486,
35.6,14484,
35.62,14489,
35.64,14492,
35.66,14496,
35.68,14499,
35.7,14505,
35.72,14505,
35.74,14510,
35.76,14512,
35.78,14510,
35.8,14508,
35.82,14496,
35.84,14486,
35.86,14474,
35.88,14468,
35.9,14462,
35.92,14460,
35.94,14455,
35.96,14455,
35.98,14454,
36,14456,
36.02,14452,
36.04,14456,
36.06,14453,
36.08,14456,
36.1,14456,
36.12,14459,
36.14,14459,
36.16,14457,
36.18,14461,
36.2,14460,
36.22,14465,
36.24,14471,
36.26,14473,
36.28,14475,
36.3,14479,
36.32,14480,
36.34,14486,
36.36,14489,
36.38,14492,
36.4,14496,
36.42,14501,
36.44,14500,
36.46,14504,
36.48,14508,
36.5,14509,
36.52,14512,
36.54,14510,
36.56,14508,
36.58,14501,
36.6,14488,
36.62,14475,
36.64,14468,
36.66,14463,
36.68,14459,
36.7,14459,
36.72,14454,
36.74,14456,
36.76,14451,
36.78,14451,
36.8,14450,
36.82,14451,
36.84,14450,
36.86,14446,
36.88,14444,
36.9,14444,
36.92,14442,
36.94,14440,
36.96,14440,
36.98,14440,
37,14446,
37.02,14449,
37.04,14451,
37.06,14456,
37.08,14457,
37.1,14460,
37.12,14464,
37.14,14468,
37.16,14469,
37.18,14476,
37.2,14479,
37.22,14483,
37.24,14490,
37.26,14495,
37.28,14500,
37.3,14504,
37.32,14509,
37.34,14514,
37.36,14517,
37.38,14509,
37.4,14499,
37.42,14482,
37.44,14473,
37.46,14463,
37.48,14457,
37.5,14456,
37.52,14452,
37.54,14451,
37.56,14450,
37.58,14447,
37.6,14451,
37.62,14449,
37.64,14450,
37.66,14452,
37.68,14450,
37.7,14449,
37.72,14451,
37.74,14454,
37.76,14456,
37.78,14459,
37.8,14461,
37.82,14466,
37.84,14470,
37.86,14476,
37.88,14477,
37.9,14481,
37.92,14486,
37.94,14491,
37.96,14494,
37.98,14499,
38,14505,
38.02,14507,
38.04,14511,
38.06,14516,
38.08,14517,
38.1,14524,
38.12,14529,
38.14,14532,
38.16,14537,
38.18,14543,
38.2,14547,
38.22,14552,
38.24,14550,
38.26,14542,
38.28,14524,
38.3,14510,
38.32,14499,
38.34,14494,
38.36,14491,
38.38,14487,
38.4,14484,
38.42,14483,
38.44,14482,
38.46,14480,
38.48,14482,
38.5,14483,
38.52,14484,
38.54,14485,
38.56,14485,
38.58,14486,
38.6,14486,
38.62,14486,
38.64,14487,
38.66,14490,
38.68,14492,
38.7,14495,
38.72,14497,
38.74,14500,
38.76,14506,
38.78,14512,
38.8,14510,
38.82,14514,
38.84,14521,
38.86,14523,
38.88,14524,
38.9,14528,
38.92,14531,
38.94,14535,
38.96,14536,
38.98,14542,
39,14544,
39.02,14549,
39.04,14552,
39.06,14552,
39.08,14547,
39.1,14532,
39.12,14521,
39.14,14508,
39.16,14504,
39.18,14502,
39.2,14501,
39.22,14498,
39.24,14499,
39.26,14502,
39.28,14508,
39.3,14507,
39.32,14509,
39.34,14514,
39.36,14512,
39.38,14515,
39.4,14514,
39.42,14519,
39.44,14521,
39.46,14521,
39.48,14526,
39.5,14530,
39.52,14534,
39.54,14541,
39.56,14544,
39.58,14550,
39.6,14553,
39.62,14556,
39.64,14562,
39.66,14565,
39.68,14567,
39.7,14572,
39.72,14577,
39.74,14582,
39.76,14583,
39.78,14588,
39.8,14593,
39.82,14599,
39.84,14601,
39.86,14598,
39.88,14586,
39.9,14573,
39.92,14557,
39.94,14548,
39.96,14542,
39.98,14538,
40,14536,
40.02,14536,
40.04,14537,
40.06,14538,
40.08,14539,
40.1,14542,
40.12,14548,
40.14,14546,
40.16,14550,
40.18,14551,
40.2,14549,
40.22,14553,
40.24,14554,
40.26,14557,
40.28,14560,
40.3,14566,
40.32,14569,
40.34,14575,
40.36,14581,
40.38,14581,
40.4,14586,
40.42,14589,
40.44,14594,
40.46,14597,
40.48,14601,
40.5,14602,
40.52,14607,
40.54,14611,
40.56,14614,
40.58,14616,
40.6,14619,
40.62,14622,
40.64,14623,
40.66,14629,
40.68,14631,
40.7,14631,
40.72,14622,
40.74,14605,
40.76,14587,
40.78,14576,
40.8,14569,
40.82,14566,
40.84,14566,
40.86,14562,
40.88,14560,
40.9,14562,
40.92,14562,
40.94,14568,
40.96,14568,
40.98,14567,
41,14571,
41.02,14573,
41.04,14573,
41.06,14576,
41.08,14575,
41.1,14581,
41.12,14584,
41.14,14587,
41.16,14591,
41.18,14593,
41.2,14598,
41.22,14597,
41.24,14604,
41.26,14606,
41.28,14610,
41.3,14613,
41.32,14613,
41.34,14616,
41.36,14620,
41.38,14623,
41.4,14624,
41.42,14627,
41.44,14628,
41.46,14633,
41.48,14639,
41.5,14640,
41.52,14641,
41.54,14645,
41.56,14647,
41.58,14645,
41.6,14633,
41.62,14613,
41.64,14606,
41.66,14592,
41.68,14585,
41.7,14584,
41.72,14584,
41.74,14581,
41.76,14583,
41.78,14582,
41.8,14585,
41.82,14590,
41.84,14590,
41.86,14590,
41.88,14592,
41.9,14592,
41.92,14592,
41.94,14593,
41.96,14596,
41.98,14599,
42,14600,
42.02,14607,
42.04,14610,
42.06,14612,
42.08,14618,
42.1,14621,
42.12,14624,
42.14,14629,
42.16,14630,
42.18,14637,
42.2,14641,
42.22,14644,
42.24,14645,
42.26,14649,
42.28,14651,
42.3,14653,
42.32,14660,
42.34,14662,
42.36,14655,
42.38,14651,
42.4,14634,
42.42,14620,
42.44,14613,
42.46,14605,
42.48,14606,
42.5,14602,
42.52,14604,
42.54,14608,
42.56,14608,
42.58,14611,
42.6,14614,
42.62,14618,
42.64,14621,
42.66,14621,
42.68,14620,
42.7,14623,
42.72,14624,
42.74,14627,
42.76,14632,
42.78,14634,
42.8,14638,
42.82,14642,
42.84,14646,
42.86,14646,
42.88,14652,
42.9,14657,
42.92,14662,
42.94,14663,
42.96,14665,
42.98,14671,
43,14673,
43.02,14676,
43.04,14682,
43.06,14685,
43.08,14686,
43.1,14692,
43.12,14688,
43.14,14696,
43.16,14698,
43.18,14697,
43.2,14682,
43.22,14669,
43.24,14653,
43.26,14641,
43.28,14634,
43.3,14631,
43.32,14630,
43.34,14631,
43.36,14632,
43.38,14631,
43.4,14634,
43.42,14637,
43.44,14636,
43.46,14640,
43.48,14638,
43.5,14640,
43.52,14642,
43.54,14642,
43.56,14643,
43.58,14646,
43.6,14650,
43.62,14652,
43.64,14656,
43.66,14658,
43.68,14662,
43.7,14664,
43.72,14667,
43.74,14669,
43.76,14674,
43.78,14677,
43.8,14681,
43.82,14683,
43.84,14685,
43.86,14690,
43.88,14689,
43.9,14693,
43.92,14695,
43.94,14699,
43.96,14699,
43.98,14701,
44,14695,
44.02,14683,
44.04,14666,
44.06,14656,
44.08,14650,
44.1,14647,
44.12,14648,
44.14,14643,
44.16,14644,
44.18,14647,
44.2,14650,
44.22,14650,
44.24,14652,
44.26,14653,
44.28,14652,
44.3,14654,
44.32,14656,
44.34,14656,
44.36,14656,
44.38,14658,
44.4,14662,
44.42,14665,
44.44,14668,
44.46,14673,
44.48,14677,
44.5,14681,
44.52,14684,
44.54,14692,
44.56,14693,
44.58,14696,
44.6,14698,
44.62,14703,
44.64,14708,
44.66,14711,
44.68,14710,
44.7,14712,
44.72,14714,
44.74,14715,
44.76,14714,
44.78,14704,
44.8,14690,
44.82,14674,
44.84,14663,
44.86,14658,
44.88,14654,
44.9,14653,
44.92,14652,
44.94,14651,
44.96,14652,
44.98,14652,
45,14654,
45.02,14656,
45.04,14663,
45.06,14664,
45.08,14663,
45.1,14666,
45.12,14664,
45.14,14668,
45.16,14669,
45.18,14673,
45.2,14680,
45.22,14682,
45.24,14686,
45.26,14690,
45.28,14695,
45.3,14694,
45.32,14701,
45.34,14705,
45.36,14706,
45.38,14709,
45.4,14709,
45.42,14714,
45.44,14716,
45.46,14721,
45.48,14725,
45.5,14726,
45.52,14730,
45.54,14732,
45.56,14735,
45.58,14738,
45.6,14733,
45.62,14721,
45.64,14704,
45.66,14689,
45.68,14681,
45.7,14677,
45.72,14672,
45.74,14672,
45.76,14674,
45.78,14672,
45.8,14674,
45.82,14672,
45.84,14676,
45.86,14678,
45.88,14680,
45.9,14683,
45.92,14681,
45.94,14686,
45.96,14688,
45.98,14689,
46,14694,
46.02,14698,
46.04,14701,
46.06,14704,
46.08,14709,
46.1,14717,
46.12,14718,
46.14,14723,
46.16,14726,
46.18,14731,
46.2,14734,
46.22,14737,
46.24,14742,
46.26,14742,
46.28,14745,
46.3,14751,
46.32,14752,
46.34,14753,
46.36,14760,
46.38,14759,
46.4,14761,
46.42,14764,
46.44,14761,
46.46,14762,
46.48,14752,
46.5,14738,
46.52,14724,
46.54,14711,
46.56,14706,
46.58,14707,
46.6,14706,
46.62,14703,
46.64,14705,
46.66,14705,
46.68,14706,
46.7,14713,
46.72,14714,
46.74,14718,
46.76,14717,
46.78,14716,
46.8,14716,
46.82,14718,
46.84,14718,
46.86,14720,
46.88,14727,
46.9,14731,
46.92,14728,
46.94,14733,
46.96,14739,
46.98,14741,
47,14741,
47.02,14746,
47.04,14748,
47.06,14751,
47.08,14753,
47.1,14757,
47.12,14758,
47.14,14761,
47.16,14764,
47.18,14765,
47.2,14769,
47.22,14770,
47.24,14770,
47.26,14763,
47.28,14751,
47.3,14736,
47.32,14730,
47.34,14725,
47.36,14726,
47.38,14724,
47.4,14724,
47.42,14725,
47.44,14726,
47.46,14728,
47.48,14733,
47.5,14735,
47.52,14738,
47.54,14734,
47.56,14739,
47.58,14742,
47.6,14744,
47.62,14749,
47.64,14749,
47.66,14754,
47.68,14761,
47.7,14763,
47.72,14765,
47.74,14772,
47.76,14772,
47.78,14776,
47.8,14779,
47.82,14783,
47.84,14789,
47.86,14790,
47.88,14792,
47.9,14794,
47.92,14800,
47.94,14799,
47.96,14805,
47.98,14807,
48,14807,
48.02,14807,
48.04,14799,
48.06,14789,
48.08,14772,
48.1,14761,
48.12,14750,
48.14,14749,
48.16,14745,
48.18,14746,
48.2,14747,
48.22,14748,
48.24,14745,
48.26,14745,
48.28,14749,
48.3,14749,
48.32,14749,
48.34,14752,
48.36,14755,
48.38,14754,
48.4,14754,
48.42,14759,
48.44,14761,
48.46,14766,
48.48,14770,
48.5,14770,
48.52,14776,
48.54,14778,
48.56,14782,
48.58,14785,
48.6,14789,
48.62,14792,
48.64,14796,
48.66,14796,
48.68,14801,
48.7,14803,
48.72,14809,
48.74,14813,
48.76,14815,
48.78,14817,
48.8,14821,
48.82,14824,
48.84,14823,
48.86,14820,
48.88,14810,
48.9,14793,
48.92,14780,
48.94,14770,
48.96,14766,
48.98,14767,
49,14765,
49.02,14764,
49.04,14766,
49.06,14766,
49.08,14766,
49.1,14769,
49.12,14773,
49.14,14776,
49.16,14778,
49.18,14777,
49.2,14780,
49.22,14782,
49.24,14785,
49.26,14789,
49.28,14791,
49.3,14796,
49.32,14799,
49.34,14805,
49.36,14807,
49.38,14811,
49.4,14811,
49.42,14815,
49.44,14820,
49.46,14823,
49.48,14824,
49.5,14829,
49.52,14828,
49.54,14831,
49.56,14833,
49.58,14835,
49.6,14839,
49.62,14841,
49.64,14845,
49.66,14848,
49.68,14847,
49.7,14848,
49.72,14844,
49.74,14836,
49.76,14824,
49.78,14812,
49.8,14807,
49.82,14802,
49.84,14799,
49.86,14804,
49.88,14801,
49.9,14803,
49.92,14808,
49.94,14808,
49.96,14810,
49.98,14813,
50,14814,
50.02,14811,
50.04,14813,
50.06,14816,
50.08,14816,
50.1,14820,
50.12,14821,
50.14,14823,
50.16,14825,
50.18,14832,
50.2,14834,
50.22,14838,
50.24,14839,
50.26,14841,
50.28,14845,
50.3,14845,
50.32,14849,
50.34,14853,
50.36,14849,
50.38,14855,
50.4,14853,
50.42,14861,
50.44,14861,
50.46,14861,
50.48,14861,
50.5,14854,
50.52,14840,
50.54,14832,
50.56,14822,
50.58,14815,
50.6,14814,
50.62,14815,
50.64,14814,
50.66,14820,
50.68,14821,
50.7,14825,
50.72,14827,
50.74,14829,
50.76,14832,
50.78,14833,
50.8,14835,
50.82,14834,
50.84,14837,
50.86,14842,
50.88,14842,
50.9,14846,
50.92,14851,
50.94,14854,
50.96,14858,
50.98,14857,
51,14860,
51.02,14861,
51.04,14866,
51.06,14867,
51.08,14868,
51.1,14871,
51.12,14869,
51.14,14874,
51.16,14879,
51.18,14882,
51.2,14882,
51.22,14882,
51.24,14883,
51.26,14884,
51.28,14879,
51.3,14867,
51.32,14855,
51.34,14842,
51.36,14829,
51.38,14823,
51.4,14820,
51.42,14818,
51.44,14816,
51.46,14815,
51.48,14816,
51.5,14819,
51.52,14819,
51.54,14820,
51.56,14821,
51.58,14824,
51.6,14824,
51.62,14825,
51.64,14828,
51.66,14829,
51.68,14835,
51.7,14841,
51.72,14844,
51.74,14852,
51.76,14850,
51.78,14854,
51.8,14859,
51.82,14861,
51.84,14864,
51.86,14867,
51.88,14872,
51.9,14871,
51.92,14877,
51.94,14876,
51.96,14880,
51.98,14886,
52,14889,
52.02,14889,
52.04,14895,
52.06,14897,
52.08,14895,
52.1,14902,
52.12,14900,
52.14,14896,
52.16,14890,
52.18,14878,
52.2,14866,
52.22,14856,
52.24,14851,
52.26,14850,
52.28,14847,
52.3,14848,
52.32,14846,
52.34,14846,
52.36,14847,
52.38,14849,
52.4,14852,
52.42,14855,
52.44,14855,
52.46,14856,
52.48,14856,
52.5,14857,
52.52,14861,
52.54,14862,
52.56,14867,
52.58,14868,
52.6,14874,
52.62,14874,
52.64,14874,
52.66,14882,
52.68,14885,
52.7,14886,
52.72,14887,
52.74,14892,
52.76,14895,
52.78,14892,
52.8,14899,
52.82,14897,
52.84,14901,
52.86,14904,
52.88,14906,
52.9,14907,
52.92,14911,
52.94,14912,
52.96,14910,
52.98,14906,
53,14896,
53.02,14884,
53.04,14875,
53.06,14872,
53.08,14865,
53.1,14866,
53.12,14866,
53.14,14863,
53.16,14865,
53.18,14871,
53.2,14870,
53.22,14873,
53.24,14873,
53.26,14874,
53.28,14877,
53.3,14877,
53.32,14881,
53.34,14883,
53.36,14885,
53.38,14890,
53.4,14891,
53.42,14894,
53.44,14897,
53.46,14899,
53.48,14901,
53.5,14906,
53.52,14906,
53.54,14911,
53.56,14910,
53.58,14914,
53.6,14921,
53.62,14920,
53.64,14922,
53.66,14928,
53.68,14930,
53.7,14929,
53.72,14928,
53.74,14920,
53.76,14911,
53.78,14899,
53.8,14890,
53.82,14882,
53.84,14882,
53.86,14880,
53.88,14879,
53.9,14879,
53.92,14879,
53.94,14883,
53.96,14884,
53.98,14888,
54,14886,
54.02,14887,
54.04,14889,
54.06,14896,
54.08,14894,
54.1,14900,
54.12,14901,
54.14,14906,
54.16,14907,
54.18,14909,
54.2,14910,
54.22,14913,
54.24,14921,
54.26,14920,
54.28,14926,
54.3,14930,
54.32,14934,
54.34,14936,
54.36,14937,
54.38,14939,
54.4,14943,
54.42,14938,
54.44,14944,
54.46,14946,
54.48,14944,
54.5,14938,
54.52,14928,
54.54,14918,
54.56,14906,
54.58,14895,
54.6,14892,
54.62,14884,
54.64,14886,
54.66,14883,
54.68,14885,
54.7,14883,
54.72,14884,
54.74,14890,
54.76,14887,
54.78,14890,
54.8,14891,
54.82,14895,
54.84,14897,
54.86,14897,
54.88,14900,
54.9,14902,
54.92,14904,
54.94,14907,
54.96,14910,
54.98,14914,
55,14914,
55.02,14917,
55.04,14919,
55.06,14922,
55.08,14923,
55.1,14927,
55.12,14928,
55.14,14932,
55.16,14929,
55.18,14934,
55.2,14934,
55.22,14936,
55.24,14937,
55.26,14940,
55.28,14943,
55.3,14941,
55.32,14934,
55.34,14923,
55.36,14910,
55.38,14898,
55.4,14887,
55.42,14884,
55.44,14883,
55.46,14882,
55.48,14880,
55.5,14881,
55.52,14880,
55.54,14883,
55.56,14883,
55.58,14887,
55.6,14886,
55.62,14892,
55.64,14895,
55.66,14896,
55.68,14898,
55.7,14904,
55.72,14908,
55.74,14912,
55.76,14917,
55.78,14922,
55.8,14926,
55.82,14928,
55.84,14930,
55.86,14936,
55.88,14933,
55.9,14936,
55.92,14937,
55.94,14940,
55.96,14944,
55.98,14944,
56,14947,
56.02,14950,
56.04,14953,
56.06,14953,
56.08,14953,
56.1,14960,
56.12,14959,
56.14,14958,
56.16,14956,
56.18,14946,
56.2,14939,
56.22,14925,
56.24,14918,
56.26,14916,
56.28,14914,
56.3,14914,
56.32,14913,
56.34,14914,
56.36,14912,
56.38,14913,
56.4,14914,
56.42,14917,
56.44,14915,
56.46,14914,
56.48,14918,
56.5,14922,
56.52,14921,
56.54,14929,
56.56,14934,
56.58,14934,
56.6,14939,
56.62,14941,
56.64,14942,
56.66,14946,
56.68,14950,
56.7,14952,
56.72,14953,
56.74,14955,
56.76,14958,
56.78,14961,
56.8,14964,
56.82,14969,
56.84,14970,
56.86,14971,
56.88,14977,
56.9,14980,
56.92,14979,
56.94,14980,
56.96,14980,
56.98,14983,
57,14984,
57.02,14982,
57.04,14976,
57.06,14968,
57.08,14959,
57.1,14947,
57.12,14944,
57.14,14937,
57.16,14935,
57.18,14935,
57.2,14933,
57.22,14935,
57.24,14935,
57.26,14943,
57.28,14939,
57.3,14944,
57.32,14944,
57.34,14946,
57.36,14946,
57.38,14953,
57.4,14953,
57.42,14956,
57.44,14964,
57.46,14965,
57.48,14969,
57.5,14968,
57.52,14973,
57.54,14975,
57.56,14975,
57.58,14977,
57.6,14978,
57.62,14981,
57.64,14984,
57.66,14986,
57.68,14989,
57.7,14989,
57.72,14992,
57.74,14993,
57.76,14994,
57.78,15001,
57.8,14997,
57.82,14992,
57.84,14987,
57.86,14980,
57.88,14975,
57.9,14967,
57.92,14969,
57.94,14968,
57.96,14968,
57.98,14973,
58,14971,
58.02,14979,
58.04,14978,
58.06,14981,
58.08,14980,
58.1,14981,
58.12,14981,
58.14,14981,
58.16,14984,
58.18,14987,
58.2,14987,
58.22,14990,
58.24,14992,
58.26,14997,
58.28,15000,
58.3,14999,
58.32,15001,
58.34,15005,
58.36,15005,
58.38,15005,
58.4,15008,
58.42,15011,
58.44,15013,
58.46,15016,
58.48,15017,
58.5,15018,
58.52,15018,
58.54,15018,
58.56,15013,
58.58,15004,
58.6,14996,
58.62,14984,
58.64,14974,
58.66,14969,
58.68,14968,
58.7,14969,
58.72,14968,
58.74,14969,
58.76,14971,
58.78,14972,
58.8,14973,
58.82,14976,
58.84,14980,
58.86,14976,
58.88,14979,
58.9,14979,
58.92,14983,
58.94,14984,
58.96,14988,
58.98,14994,
59,14996,
59.02,14999,
59.04,15003,
59.06,15004,
59.08,15007,
59.1,15010,
59.12,15011,
59.14,15011,
59.16,15020,
59.18,15019,
59.2,15022,
59.22,15024,
59.24,15027,
59.26,15030,
59.28,15030,
59.3,15036,
59.32,15037,
59.34,15027,
59.36,15020,
59.38,15012,
59.4,15004,
59.42,14996,
59.44,14991,
59.46,14987,
59.48,14982,
59.5,14988,
59.52,14987,
59.54,14986,
59.56,14987,
59.58,14991,
59.6,14991,
59.62,14991,
59.64,14995,
59.66,14995,
59.68,14995,
59.7,14997,
59.72,15000,
59.74,15002,
59.76,15006,
59.78,15008,
59.8,15012,
59.82,15013,
59.84,15017,
59.86,15021,
59.88,15022,
59.9,15023,
59.92,15027,
59.94,15030,
59.96,15029,
59.98,15032,
60,15034,
60.02,15037,
60.04,15039,
60.06,15042,
60.08,15045,
60.1,15045,
60.12,15045,
60.14,15042,
60.16,15037,
60.18,15028,
60.2,15019,
60.22,15009,
60.24,15004,
60.26,14996,
60.28,14996,
60.3,14995,
60.32,14993,
60.34,14992,
60.36,14991,
60.38,14992,
60.4,14995,
60.42,14996,
60.44,15000,
60.46,14999,
60.48,14997,
60.5,15001,
60.52,15006,
60.54,15010,
60.56,15010,
60.58,15014,
60.6,15016,
60.62,15021,
60.64,15020,
60.66,15027,
60.68,15031,
60.7,15032,
60.72,15034,
60.74,15036,
60.76,15038,
60.78,15039,
60.8,15042,
60.82,15046,
60.84,15048,
60.86,15050,
60.88,15054,
60.9,15054,
60.92,15058,
60.94,15061,
60.96,15063,
60.98,15065,
61,15065,
61.02,15064,
61.04,15057,
61.06,15049,
61.08,15044,
61.1,15034,
61.12,15028,
61.14,15027,
61.16,15024,
61.18,15019,
61.2,15020,
61.22,15018,
61.24,15022,
61.26,15026,
61.28,15024,
61.3,15027,
61.32,15026,
61.34,15029,
61.36,15030,
61.38,15033,
61.4,15035,
61.42,15036,
61.44,15039,
61.46,15041,
61.48,15043,
61.5,15047,
61.52,15049,
61.54,15049,
61.56,15054,
61.58,15055,
61.6,15058,
61.62,15062,
61.64,15060,
61.66,15064,
61.68,15065,
61.7,15067,
61.72,15067,
61.74,15072,
61.76,15075,
61.78,15074,
61.8,15075,
61.82,15075,
61.84,15074,
61.86,15066,
61.88,15060,
61.9,15053,
61.92,15044,
61.94,15045,
61.96,15041,
61.98,15043,
62,15044,
62.02,15050,
62.04,15050,
62.06,15053,
62.08,15053,
62.1,15050,
62.12,15055,
62.14,15056,
62.16,15057,
62.18,15059,
62.2,15061,
62.22,15064,
62.24,15067,
62.26,15066,
62.28,15071,
62.3,15075,
62.32,15075,
62.34,15076,
62.36,15079,
62.38,15079,
62.4,15083,
62.42,15084,
62.44,15087,
62.46,15088,
62.48,15093,
62.5,15093,
62.52,15097,
62.54,15099,
62.56,15101,
62.58,15105,
62.6,15103,
62.62,15100,
62.64,15092,
62.66,15086,
62.68,15080,
62.7,15075,
62.72,15071,
62.74,15067,
62.76,15068,
62.78,15069,
62.8,15068,
62.82,15066,
62.84,15069,
62.86,15070,
62.88,15073,
62.9,15074,
62.92,15073,
62.94,15077,
62.96,15077,
62.98,15078,
63,15076,
63.02,15081,
63.04,15083,
63.06,15086,
63.08,15088,
63.1,15091,
63.12,15090,
63.14,15094,
63.16,15098,
63.18,15101,
63.2,15099,
63.22,15102,
63.24,15106,
63.26,15107,
63.28,15109,
63.3,15108,
63.32,15112,
63.34,15112,
63.36,15115,
63.38,15114,
63.4,15120,
63.42,15120,
63.44,15120,
63.46,15114,
63.48,15110,
63.5,15104,
63.52,15091,
63.54,15087,
63.56,15082,
63.58,15079,
63.6,15076,
63.62,15074,
63.64,15073,
63.66,15070,
63.68,15071,
63.7,15075,
63.72,15074,
63.74,15075,
63.76,15074,
63.78,15077,
63.8,15076,
63.82,15078,
63.84,15082,
63.86,15082,
63.88,15085,
63.9,15089,
63.92,15093,
63.94,15095,
63.96,15095,
63.98,15095,
64,15099,
64.02,15099,
64.04,15103,
64.06,15107,
64.08,15105,
64.1,15108,
64.12,15108,
64.14,15110,
64.16,15112,
64.18,15114,
64.2,15117,
64.22,15120,
64.24,15121,
64.26,15124,
64.28,15123,
64.3,15131,
64.32,15127,
64.34,15125,
64.36,15121,
64.38,15116,
64.4,15108,
64.42,15103,
64.44,15093,
64.46,15090,
64.48,15087,
64.5,15085,
64.52,15085,
64.54,15084,
64.56,15083,
64.58,15084,
64.6,15088,
64.62,15089,
64.64,15090,
64.66,15087,
64.68,15091,
64.7,15094,
64.72,15094,
64.74,15099,
64.76,15095,
64.78,15102,
64.8,15105,
64.82,15107,
64.84,15112,
64.86,15110,
64.88,15114,
64.9,15115,
64.92,15119,
64.94,15122,
64.96,15124,
64.98,15127,
65,15125,
65.02,15130,
65.04,15129,
65.06,15134,
65.08,15132,
65.1,15135,
65.12,15136,
65.14,15139,
65.16,15140,
65.18,15143,
65.2,15143,
65.22,15142,
65.24,15135,
65.26,15130,
65.28,15124,
65.3,15117,
65.32,15113,
65.34,15110,
65.36,15106,
65.38,15107,
65.4,15109,
65.42,15106,
65.44,15110,
65.46,15111,
65.48,15112,
65.5,15111,
65.52,15112,
65.54,15115,
65.56,15112,
65.58,15116,
65.6,15117,
65.62,15119,
65.64,15122,
65.66,15123,
65.68,15126,
65.7,15126,
65.72,15127,
65.74,15131,
65.76,15131,
65.78,15135,
65.8,15140,
65.82,15139,
65.84,15136,
65.86,15139,
65.88,15141,
65.9,15140,
65.92,15144,
65.94,15144,
65.96,15149,
65.98,15145,
66,15141,
66.02,15135,
66.04,15129,
66.06,15124,
66.08,15117,
66.1,15110,
66.12,15109,
66.14,15108,
66.16,15106,
66.18,15104,
66.2,15107,
66.22,15110,
66.24,15111,
66.26,15111,
66.28,15112,
66.3,15113,
66.32,15112,
66.34,15116,
66.36,15118,
66.38,15118,
66.4,15121,
66.42,15122,
66.44,15124,
66.46,15133,
66.48,15133,
66.5,15134,
66.52,15136,
66.54,15138,
66.56,15141,
66.58,15143,
66.6,15144,
66.62,15147,
66.64,15150,
66.66,15152,
66.68,15154,
66.7,15154,
66.72,15156,
66.74,15156,
66.76,15159,
66.78,15161,
66.8,15164,
66.82,15164,
66.84,15158,
66.86,15151,
66.88,15143,
66.9,15135,
66.92,15127,
66.94,15124,
66.96,15124,
66.98,15121,
67,15120,
67.02,15118,
67.04,15115,
67.06,15117,
67.08,15119,
67.1,15120,
67.12,15120,
67.14,15122,
67.16,15122,
67.18,15123,
67.2,15123,
67.22,15127,
67.24,15125,
67.26,15132,
67.28,15133,
67.3,15134,
67.32,15140,
67.34,15140,
67.36,15142,
67.38,15143,
67.4,15143,
67.42,15145,
67.44,15150,
67.46,15153,
67.48,15153,
67.5,15156,
67.52,15157,
67.54,15159,
67.56,15160,
67.58,15162,
67.6,15163,
67.62,15164,
67.64,15169,
67.66,15170,
67.68,15170,
67.7,15173,
67.72,15170,
67.74,15162,
67.76,15158,
67.78,15149,
67.8,15142,
67.82,15136,
67.84,15133,
67.86,15132,
67.88,15131,
67.9,15131,
67.92,15130,
67.94,15131,
67.96,15130,
67.98,15131,
68,15136,
68.02,15133,
68.04,15134,
68.06,15137,
68.08,15136,
68.1,15139,
68.12,15143,
68.14,15144,
68.16,15145,
68.18,15147,
68.2,15152,
68.22,15153,
68.24,15155,
68.26,15157,
68.28,15158,
68.3,15159,
68.32,15163,
68.34,15166,
68.36,15164,
68.38,15168,
68.4,15166,
68.42,15168,
68.44,15170,
68.46,15175,
68.48,15176,
68.5,15172,
68.52,15175,
68.54,15178,
68.56,15181,
68.58,15184,
68.6,15181,
68.62,15182,
68.64,15180,
68.66,15171,
